Elt_ID,Start_Node_ID,End_Node_ID,Elt_Type,Orientation,Size,PI,V2I,V3I,TI,PJ,V2J,V3J,TJ,M2I,M3I,M2J,M3J,add_back 
CO0001,P001115,P011115,1,93.0000,HSS50.8X50.8X3.2,FALSE,FALSE,FALSE,FALSE,FALSE,FALSE,FALSE,FALSE,FALSE,FALSE,FALSE,FALSE,FALSE 
BE0001,P001115,P001116,2,0.0000,HSS50.8X50.8X3.2,FALSE,FALSE,FALSE,FALSE,FALSE,FALSE,FALSE,FALSE,FALSE,FALSE,FALSE,FALSE,FALSE 
BE0002,P001115,X00111502,2,0.0000,HSS50.8X50.8X3.2,FALSE,FALSE,FALSE,FALSE,FALSE,FALSE,FALSE,FALSE,FALSE,FALSE,FALSE,FALSE,FALSE 
BR0001,P011116,X00111502,3,0.0000,HSS50.8X50.8X3.2,FALSE,FALSE,FALSE,FALSE,FALSE,FALSE,FALSE,FALSE,FALSE,FALSE,FALSE,FALSE,FALSE 
CO0002,P001116,P011116,1,93.0000,HSS50.8X50.8X3.2,FALSE,FALSE,FALSE,FALSE,FALSE,FALSE,FALSE,FALSE,FALSE,FALSE,FALSE,FALSE,FALSE 
BE0003,P001116,P001117,2,0.0000,HSS50.8X50.8X3.2,FALSE,FALSE,FALSE,FALSE,FALSE,FALSE,FALSE,FALSE,FALSE,FALSE,FALSE,FALSE,FALSE 
BE0004,P001116,X00111606,2,0.0000,HSS50.8X50.8X3.2,FALSE,FALSE,FALSE,FALSE,FALSE,FALSE,FALSE,FALSE,FALSE,FALSE,FALSE,FALSE,FALSE 
BR0002,P011117,X00111606,3,0.0000,HSS50.8X50.8X3.2,FALSE,FALSE,FALSE,FALSE,FALSE,FALSE,FALSE,FALSE,FALSE,FALSE,FALSE,FALSE,FALSE 
BE0005,P001116,X00111608,2,0.0000,HSS50.8X50.8X3.2,FALSE,FALSE,FALSE,FALSE,FALSE,FALSE,FALSE,FALSE,FALSE,FALSE,FALSE,FALSE,FALSE 
BR0003,P011115,X00111608,3,0.0000,HSS50.8X50.8X3.2,FALSE,FALSE,FALSE,FALSE,FALSE,FALSE,FALSE,FALSE,FALSE,FALSE,FALSE,FALSE,FALSE 
BE0006,P001116,X00111610,2,0.0000,HSS50.8X50.8X3.2,FALSE,FALSE,FALSE,FALSE,FALSE,FALSE,FALSE,FALSE,FALSE,FALSE,FALSE,FALSE,FALSE 
BR0004,P001217,X00111610,3,0.0000,HSS50.8X50.8X3.2,FALSE,FALSE,FALSE,FALSE,FALSE,FALSE,FALSE,FALSE,FALSE,FALSE,FALSE,FALSE,FALSE 
CO0003,P001117,P011117,1,93.0000,HSS50.8X50.8X3.2,FALSE,FALSE,FALSE,FALSE,FALSE,FALSE,FALSE,FALSE,FALSE,FALSE,FALSE,FALSE,FALSE 
BE0007,P001117,P001217,2,0.0000,HSS50.8X50.8X3.2,FALSE,FALSE,FALSE,FALSE,FALSE,FALSE,FALSE,FALSE,FALSE,FALSE,FALSE,FALSE,FALSE 
BE0008,P001117,P001118,2,0.0000,HSS50.8X50.8X3.2,FALSE,FALSE,FALSE,FALSE,FALSE,FALSE,FALSE,FALSE,FALSE,FALSE,FALSE,FALSE,FALSE 
BE0009,P001117,X00111715,2,0.0000,HSS50.8X50.8X3.2,FALSE,FALSE,FALSE,FALSE,FALSE,FALSE,FALSE,FALSE,FALSE,FALSE,FALSE,FALSE,FALSE 
BR0005,P011217,X00111715,3,0.0000,HSS50.8X50.8X3.2,FALSE,FALSE,FALSE,FALSE,FALSE,FALSE,FALSE,FALSE,FALSE,FALSE,FALSE,FALSE,FALSE 
BE0010,P001117,X00111717,2,0.0000,HSS50.8X50.8X3.2,FALSE,FALSE,FALSE,FALSE,FALSE,FALSE,FALSE,FALSE,FALSE,FALSE,FALSE,FALSE,FALSE 
BR0006,P011118,X00111717,3,0.0000,HSS50.8X50.8X3.2,FALSE,FALSE,FALSE,FALSE,FALSE,FALSE,FALSE,FALSE,FALSE,FALSE,FALSE,FALSE,FALSE 
BE0011,P001117,X00111719,2,0.0000,HSS50.8X50.8X3.2,FALSE,FALSE,FALSE,FALSE,FALSE,FALSE,FALSE,FALSE,FALSE,FALSE,FALSE,FALSE,FALSE 
BR0007,P011116,X00111719,3,0.0000,HSS50.8X50.8X3.2,FALSE,FALSE,FALSE,FALSE,FALSE,FALSE,FALSE,FALSE,FALSE,FALSE,FALSE,FALSE,FALSE 
BE0012,P001117,X00111721,2,0.0000,HSS50.8X50.8X3.2,FALSE,FALSE,FALSE,FALSE,FALSE,FALSE,FALSE,FALSE,FALSE,FALSE,FALSE,FALSE,FALSE 
BR0008,P001218,X00111721,3,0.0000,HSS50.8X50.8X3.2,FALSE,FALSE,FALSE,FALSE,FALSE,FALSE,FALSE,FALSE,FALSE,FALSE,FALSE,FALSE,FALSE 
CO0004,P001118,P011118,1,93.0000,HSS50.8X50.8X3.2,FALSE,FALSE,FALSE,FALSE,FALSE,FALSE,FALSE,FALSE,FALSE,FALSE,FALSE,FALSE,FALSE 
BE0013,P001118,P001218,2,0.0000,HSS50.8X50.8X3.2,FALSE,FALSE,FALSE,FALSE,FALSE,FALSE,FALSE,FALSE,FALSE,FALSE,FALSE,FALSE,FALSE 
BE0014,P001118,P001119,2,0.0000,HSS50.8X50.8X3.2,FALSE,FALSE,FALSE,FALSE,FALSE,FALSE,FALSE,FALSE,FALSE,FALSE,FALSE,FALSE,FALSE 
BE0015,P001118,X00111826,2,0.0000,HSS50.8X50.8X3.2,FALSE,FALSE,FALSE,FALSE,FALSE,FALSE,FALSE,FALSE,FALSE,FALSE,FALSE,FALSE,FALSE 
BR0009,P011218,X00111826,3,0.0000,HSS50.8X50.8X3.2,FALSE,FALSE,FALSE,FALSE,FALSE,FALSE,FALSE,FALSE,FALSE,FALSE,FALSE,FALSE,FALSE 
BE0016,P001118,X00111828,2,0.0000,HSS50.8X50.8X3.2,FALSE,FALSE,FALSE,FALSE,FALSE,FALSE,FALSE,FALSE,FALSE,FALSE,FALSE,FALSE,FALSE 
BR0010,P011119,X00111828,3,0.0000,HSS50.8X50.8X3.2,FALSE,FALSE,FALSE,FALSE,FALSE,FALSE,FALSE,FALSE,FALSE,FALSE,FALSE,FALSE,FALSE 
BE0017,P001118,X00111830,2,0.0000,HSS50.8X50.8X3.2,FALSE,FALSE,FALSE,FALSE,FALSE,FALSE,FALSE,FALSE,FALSE,FALSE,FALSE,FALSE,FALSE 
BR0011,P011117,X00111830,3,0.0000,HSS50.8X50.8X3.2,FALSE,FALSE,FALSE,FALSE,FALSE,FALSE,FALSE,FALSE,FALSE,FALSE,FALSE,FALSE,FALSE 
BE0018,P001118,X00111832,2,0.0000,HSS50.8X50.8X3.2,FALSE,FALSE,FALSE,FALSE,FALSE,FALSE,FALSE,FALSE,FALSE,FALSE,FALSE,FALSE,FALSE 
BR0012,P001219,X00111832,3,0.0000,HSS50.8X50.8X3.2,FALSE,FALSE,FALSE,FALSE,FALSE,FALSE,FALSE,FALSE,FALSE,FALSE,FALSE,FALSE,FALSE 
BE0019,P001118,X00111834,2,0.0000,HSS50.8X50.8X3.2,FALSE,FALSE,FALSE,FALSE,FALSE,FALSE,FALSE,FALSE,FALSE,FALSE,FALSE,FALSE,FALSE 
BR0013,P001217,X00111834,3,0.0000,HSS50.8X50.8X3.2,FALSE,FALSE,FALSE,FALSE,FALSE,FALSE,FALSE,FALSE,FALSE,FALSE,FALSE,FALSE,FALSE 
CO0005,P001119,P011119,1,93.0000,HSS50.8X50.8X3.2,FALSE,FALSE,FALSE,FALSE,FALSE,FALSE,FALSE,FALSE,FALSE,FALSE,FALSE,FALSE,FALSE 
BE0020,P001119,P001219,2,0.0000,HSS50.8X50.8X3.2,FALSE,FALSE,FALSE,FALSE,FALSE,FALSE,FALSE,FALSE,FALSE,FALSE,FALSE,FALSE,FALSE 
BE0021,P001119,P001120,2,0.0000,HSS50.8X50.8X3.2,FALSE,FALSE,FALSE,FALSE,FALSE,FALSE,FALSE,FALSE,FALSE,FALSE,FALSE,FALSE,FALSE 
BE0022,P001119,X00111939,2,0.0000,HSS50.8X50.8X3.2,FALSE,FALSE,FALSE,FALSE,FALSE,FALSE,FALSE,FALSE,FALSE,FALSE,FALSE,FALSE,FALSE 
BR0014,P011219,X00111939,3,0.0000,HSS50.8X50.8X3.2,FALSE,FALSE,FALSE,FALSE,FALSE,FALSE,FALSE,FALSE,FALSE,FALSE,FALSE,FALSE,FALSE 
BE0023,P001119,X00111941,2,0.0000,HSS50.8X50.8X3.2,FALSE,FALSE,FALSE,FALSE,FALSE,FALSE,FALSE,FALSE,FALSE,FALSE,FALSE,FALSE,FALSE 
BR0015,P011120,X00111941,3,0.0000,HSS50.8X50.8X3.2,FALSE,FALSE,FALSE,FALSE,FALSE,FALSE,FALSE,FALSE,FALSE,FALSE,FALSE,FALSE,FALSE 
BE0024,P001119,X00111943,2,0.0000,HSS50.8X50.8X3.2,FALSE,FALSE,FALSE,FALSE,FALSE,FALSE,FALSE,FALSE,FALSE,FALSE,FALSE,FALSE,FALSE 
BR0016,P011118,X00111943,3,0.0000,HSS50.8X50.8X3.2,FALSE,FALSE,FALSE,FALSE,FALSE,FALSE,FALSE,FALSE,FALSE,FALSE,FALSE,FALSE,FALSE 
BE0025,P001119,X00111945,2,0.0000,HSS50.8X50.8X3.2,FALSE,FALSE,FALSE,FALSE,FALSE,FALSE,FALSE,FALSE,FALSE,FALSE,FALSE,FALSE,FALSE 
BR0017,P001220,X00111945,3,0.0000,HSS50.8X50.8X3.2,FALSE,FALSE,FALSE,FALSE,FALSE,FALSE,FALSE,FALSE,FALSE,FALSE,FALSE,FALSE,FALSE 
BE0026,P001119,X00111947,2,0.0000,HSS50.8X50.8X3.2,FALSE,FALSE,FALSE,FALSE,FALSE,FALSE,FALSE,FALSE,FALSE,FALSE,FALSE,FALSE,FALSE 
BR0018,P001218,X00111947,3,0.0000,HSS50.8X50.8X3.2,FALSE,FALSE,FALSE,FALSE,FALSE,FALSE,FALSE,FALSE,FALSE,FALSE,FALSE,FALSE,FALSE 
CO0006,P001120,P011120,1,93.0000,HSS50.8X50.8X3.2,FALSE,FALSE,FALSE,FALSE,FALSE,FALSE,FALSE,FALSE,FALSE,FALSE,FALSE,FALSE,FALSE 
BE0027,P001120,P001220,2,0.0000,HSS50.8X50.8X3.2,FALSE,FALSE,FALSE,FALSE,FALSE,FALSE,FALSE,FALSE,FALSE,FALSE,FALSE,FALSE,FALSE 
BE0028,P001120,P001121,2,0.0000,HSS50.8X50.8X3.2,FALSE,FALSE,FALSE,FALSE,FALSE,FALSE,FALSE,FALSE,FALSE,FALSE,FALSE,FALSE,FALSE 
BE0029,P001120,X00112052,2,0.0000,HSS50.8X50.8X3.2,FALSE,FALSE,FALSE,FALSE,FALSE,FALSE,FALSE,FALSE,FALSE,FALSE,FALSE,FALSE,FALSE 
BR0019,P011220,X00112052,3,0.0000,HSS50.8X50.8X3.2,FALSE,FALSE,FALSE,FALSE,FALSE,FALSE,FALSE,FALSE,FALSE,FALSE,FALSE,FALSE,FALSE 
BE0030,P001120,X00112054,2,0.0000,HSS50.8X50.8X3.2,FALSE,FALSE,FALSE,FALSE,FALSE,FALSE,FALSE,FALSE,FALSE,FALSE,FALSE,FALSE,FALSE 
BR0020,P011121,X00112054,3,0.0000,HSS50.8X50.8X3.2,FALSE,FALSE,FALSE,FALSE,FALSE,FALSE,FALSE,FALSE,FALSE,FALSE,FALSE,FALSE,FALSE 
BE0031,P001120,X00112056,2,0.0000,HSS50.8X50.8X3.2,FALSE,FALSE,FALSE,FALSE,FALSE,FALSE,FALSE,FALSE,FALSE,FALSE,FALSE,FALSE,FALSE 
BR0021,P011119,X00112056,3,0.0000,HSS50.8X50.8X3.2,FALSE,FALSE,FALSE,FALSE,FALSE,FALSE,FALSE,FALSE,FALSE,FALSE,FALSE,FALSE,FALSE 
BE0032,P001120,X00112058,2,0.0000,HSS50.8X50.8X3.2,FALSE,FALSE,FALSE,FALSE,FALSE,FALSE,FALSE,FALSE,FALSE,FALSE,FALSE,FALSE,FALSE 
BR0022,P001221,X00112058,3,0.0000,HSS50.8X50.8X3.2,FALSE,FALSE,FALSE,FALSE,FALSE,FALSE,FALSE,FALSE,FALSE,FALSE,FALSE,FALSE,FALSE 
BE0033,P001120,X00112060,2,0.0000,HSS50.8X50.8X3.2,FALSE,FALSE,FALSE,FALSE,FALSE,FALSE,FALSE,FALSE,FALSE,FALSE,FALSE,FALSE,FALSE 
BR0023,P001219,X00112060,3,0.0000,HSS50.8X50.8X3.2,FALSE,FALSE,FALSE,FALSE,FALSE,FALSE,FALSE,FALSE,FALSE,FALSE,FALSE,FALSE,FALSE 
CO0007,P001121,P011121,1,93.0000,HSS50.8X50.8X3.2,FALSE,FALSE,FALSE,FALSE,FALSE,FALSE,FALSE,FALSE,FALSE,FALSE,FALSE,FALSE,FALSE 
BE0034,P001121,P001221,2,0.0000,HSS50.8X50.8X3.2,FALSE,FALSE,FALSE,FALSE,FALSE,FALSE,FALSE,FALSE,FALSE,FALSE,FALSE,FALSE,FALSE 
BE0035,P001121,P001122,2,0.0000,HSS50.8X50.8X3.2,FALSE,FALSE,FALSE,FALSE,FALSE,FALSE,FALSE,FALSE,FALSE,FALSE,FALSE,FALSE,FALSE 
BE0036,P001121,X00112165,2,0.0000,HSS50.8X50.8X3.2,FALSE,FALSE,FALSE,FALSE,FALSE,FALSE,FALSE,FALSE,FALSE,FALSE,FALSE,FALSE,FALSE 
BR0024,P011221,X00112165,3,0.0000,HSS50.8X50.8X3.2,FALSE,FALSE,FALSE,FALSE,FALSE,FALSE,FALSE,FALSE,FALSE,FALSE,FALSE,FALSE,FALSE 
BE0037,P001121,X00112167,2,0.0000,HSS50.8X50.8X3.2,FALSE,FALSE,FALSE,FALSE,FALSE,FALSE,FALSE,FALSE,FALSE,FALSE,FALSE,FALSE,FALSE 
BR0025,P011122,X00112167,3,0.0000,HSS50.8X50.8X3.2,FALSE,FALSE,FALSE,FALSE,FALSE,FALSE,FALSE,FALSE,FALSE,FALSE,FALSE,FALSE,FALSE 
BE0038,P001121,X00112169,2,0.0000,HSS50.8X50.8X3.2,FALSE,FALSE,FALSE,FALSE,FALSE,FALSE,FALSE,FALSE,FALSE,FALSE,FALSE,FALSE,FALSE 
BR0026,P011120,X00112169,3,0.0000,HSS50.8X50.8X3.2,FALSE,FALSE,FALSE,FALSE,FALSE,FALSE,FALSE,FALSE,FALSE,FALSE,FALSE,FALSE,FALSE 
BE0039,P001121,X00112171,2,0.0000,HSS50.8X50.8X3.2,FALSE,FALSE,FALSE,FALSE,FALSE,FALSE,FALSE,FALSE,FALSE,FALSE,FALSE,FALSE,FALSE 
BR0027,P001222,X00112171,3,0.0000,HSS50.8X50.8X3.2,FALSE,FALSE,FALSE,FALSE,FALSE,FALSE,FALSE,FALSE,FALSE,FALSE,FALSE,FALSE,FALSE 
BE0040,P001121,X00112173,2,0.0000,HSS50.8X50.8X3.2,FALSE,FALSE,FALSE,FALSE,FALSE,FALSE,FALSE,FALSE,FALSE,FALSE,FALSE,FALSE,FALSE 
BR0028,P001220,X00112173,3,0.0000,HSS50.8X50.8X3.2,FALSE,FALSE,FALSE,FALSE,FALSE,FALSE,FALSE,FALSE,FALSE,FALSE,FALSE,FALSE,FALSE 
CO0008,P001122,P011122,1,93.0000,HSS50.8X50.8X3.2,FALSE,FALSE,FALSE,FALSE,FALSE,FALSE,FALSE,FALSE,FALSE,FALSE,FALSE,FALSE,FALSE 
BE0041,P001122,P001222,2,0.0000,HSS50.8X50.8X3.2,FALSE,FALSE,FALSE,FALSE,FALSE,FALSE,FALSE,FALSE,FALSE,FALSE,FALSE,FALSE,FALSE 
BE0042,P001122,P001123,2,0.0000,HSS50.8X50.8X3.2,FALSE,FALSE,FALSE,FALSE,FALSE,FALSE,FALSE,FALSE,FALSE,FALSE,FALSE,FALSE,FALSE 
BE0043,P001122,X00112278,2,0.0000,HSS50.8X50.8X3.2,FALSE,FALSE,FALSE,FALSE,FALSE,FALSE,FALSE,FALSE,FALSE,FALSE,FALSE,FALSE,FALSE 
BR0029,P011222,X00112278,3,0.0000,HSS50.8X50.8X3.2,FALSE,FALSE,FALSE,FALSE,FALSE,FALSE,FALSE,FALSE,FALSE,FALSE,FALSE,FALSE,FALSE 
BE0044,P001122,X00112280,2,0.0000,HSS50.8X50.8X3.2,FALSE,FALSE,FALSE,FALSE,FALSE,FALSE,FALSE,FALSE,FALSE,FALSE,FALSE,FALSE,FALSE 
BR0030,P011123,X00112280,3,0.0000,HSS50.8X50.8X3.2,FALSE,FALSE,FALSE,FALSE,FALSE,FALSE,FALSE,FALSE,FALSE,FALSE,FALSE,FALSE,FALSE 
BE0045,P001122,X00112282,2,0.0000,HSS50.8X50.8X3.2,FALSE,FALSE,FALSE,FALSE,FALSE,FALSE,FALSE,FALSE,FALSE,FALSE,FALSE,FALSE,FALSE 
BR0031,P011121,X00112282,3,0.0000,HSS50.8X50.8X3.2,FALSE,FALSE,FALSE,FALSE,FALSE,FALSE,FALSE,FALSE,FALSE,FALSE,FALSE,FALSE,FALSE 
BE0046,P001122,X00112284,2,0.0000,HSS50.8X50.8X3.2,FALSE,FALSE,FALSE,FALSE,FALSE,FALSE,FALSE,FALSE,FALSE,FALSE,FALSE,FALSE,FALSE 
BR0032,P001223,X00112284,3,0.0000,HSS50.8X50.8X3.2,FALSE,FALSE,FALSE,FALSE,FALSE,FALSE,FALSE,FALSE,FALSE,FALSE,FALSE,FALSE,FALSE 
BE0047,P001122,X00112286,2,0.0000,HSS50.8X50.8X3.2,FALSE,FALSE,FALSE,FALSE,FALSE,FALSE,FALSE,FALSE,FALSE,FALSE,FALSE,FALSE,FALSE 
BR0033,P001221,X00112286,3,0.0000,HSS50.8X50.8X3.2,FALSE,FALSE,FALSE,FALSE,FALSE,FALSE,FALSE,FALSE,FALSE,FALSE,FALSE,FALSE,FALSE 
CO0009,P001123,P011123,1,93.0000,HSS50.8X50.8X3.2,FALSE,FALSE,FALSE,FALSE,FALSE,FALSE,FALSE,FALSE,FALSE,FALSE,FALSE,FALSE,FALSE 
BE0048,P001123,P001223,2,0.0000,HSS50.8X50.8X3.2,FALSE,FALSE,FALSE,FALSE,FALSE,FALSE,FALSE,FALSE,FALSE,FALSE,FALSE,FALSE,FALSE 
BE0049,P001123,P001124,2,0.0000,HSS50.8X50.8X3.2,FALSE,FALSE,FALSE,FALSE,FALSE,FALSE,FALSE,FALSE,FALSE,FALSE,FALSE,FALSE,FALSE 
BE0050,P001123,X00112391,2,0.0000,HSS50.8X50.8X3.2,FALSE,FALSE,FALSE,FALSE,FALSE,FALSE,FALSE,FALSE,FALSE,FALSE,FALSE,FALSE,FALSE 
BR0034,P011223,X00112391,3,0.0000,HSS50.8X50.8X3.2,FALSE,FALSE,FALSE,FALSE,FALSE,FALSE,FALSE,FALSE,FALSE,FALSE,FALSE,FALSE,FALSE 
BE0051,P001123,X00112393,2,0.0000,HSS50.8X50.8X3.2,FALSE,FALSE,FALSE,FALSE,FALSE,FALSE,FALSE,FALSE,FALSE,FALSE,FALSE,FALSE,FALSE 
BR0035,P011124,X00112393,3,0.0000,HSS50.8X50.8X3.2,FALSE,FALSE,FALSE,FALSE,FALSE,FALSE,FALSE,FALSE,FALSE,FALSE,FALSE,FALSE,FALSE 
BE0052,P001123,X00112395,2,0.0000,HSS50.8X50.8X3.2,FALSE,FALSE,FALSE,FALSE,FALSE,FALSE,FALSE,FALSE,FALSE,FALSE,FALSE,FALSE,FALSE 
BR0036,P011122,X00112395,3,0.0000,HSS50.8X50.8X3.2,FALSE,FALSE,FALSE,FALSE,FALSE,FALSE,FALSE,FALSE,FALSE,FALSE,FALSE,FALSE,FALSE 
BE0053,P001123,X00112397,2,0.0000,HSS50.8X50.8X3.2,FALSE,FALSE,FALSE,FALSE,FALSE,FALSE,FALSE,FALSE,FALSE,FALSE,FALSE,FALSE,FALSE 
BR0037,P001224,X00112397,3,0.0000,HSS50.8X50.8X3.2,FALSE,FALSE,FALSE,FALSE,FALSE,FALSE,FALSE,FALSE,FALSE,FALSE,FALSE,FALSE,FALSE 
BE0054,P001123,X00112399,2,0.0000,HSS50.8X50.8X3.2,FALSE,FALSE,FALSE,FALSE,FALSE,FALSE,FALSE,FALSE,FALSE,FALSE,FALSE,FALSE,FALSE 
BR0038,P001222,X00112399,3,0.0000,HSS50.8X50.8X3.2,FALSE,FALSE,FALSE,FALSE,FALSE,FALSE,FALSE,FALSE,FALSE,FALSE,FALSE,FALSE,FALSE 
CO0010,P001124,P011124,1,93.0000,HSS50.8X50.8X3.2,FALSE,FALSE,FALSE,FALSE,FALSE,FALSE,FALSE,FALSE,FALSE,FALSE,FALSE,FALSE,FALSE 
BE0055,P001124,P001224,2,0.0000,HSS50.8X50.8X3.2,FALSE,FALSE,FALSE,FALSE,FALSE,FALSE,FALSE,FALSE,FALSE,FALSE,FALSE,FALSE,FALSE 
BE0056,P001124,X001124103,2,0.0000,HSS50.8X50.8X3.2,FALSE,FALSE,FALSE,FALSE,FALSE,FALSE,FALSE,FALSE,FALSE,FALSE,FALSE,FALSE,FALSE 
BR0039,P011224,X001124103,3,0.0000,HSS50.8X50.8X3.2,FALSE,FALSE,FALSE,FALSE,FALSE,FALSE,FALSE,FALSE,FALSE,FALSE,FALSE,FALSE,FALSE 
BE0057,P001124,X001124105,2,0.0000,HSS50.8X50.8X3.2,FALSE,FALSE,FALSE,FALSE,FALSE,FALSE,FALSE,FALSE,FALSE,FALSE,FALSE,FALSE,FALSE 
BR0040,P011123,X001124105,3,0.0000,HSS50.8X50.8X3.2,FALSE,FALSE,FALSE,FALSE,FALSE,FALSE,FALSE,FALSE,FALSE,FALSE,FALSE,FALSE,FALSE 
BE0058,P001124,X001124107,2,0.0000,HSS50.8X50.8X3.2,FALSE,FALSE,FALSE,FALSE,FALSE,FALSE,FALSE,FALSE,FALSE,FALSE,FALSE,FALSE,FALSE 
BR0041,P001225,X001124107,3,0.0000,HSS50.8X50.8X3.2,FALSE,FALSE,FALSE,FALSE,FALSE,FALSE,FALSE,FALSE,FALSE,FALSE,FALSE,FALSE,FALSE 
BE0059,P001124,X001124109,2,0.0000,HSS50.8X50.8X3.2,FALSE,FALSE,FALSE,FALSE,FALSE,FALSE,FALSE,FALSE,FALSE,FALSE,FALSE,FALSE,FALSE 
BR0042,P001223,X001124109,3,0.0000,HSS50.8X50.8X3.2,FALSE,FALSE,FALSE,FALSE,FALSE,FALSE,FALSE,FALSE,FALSE,FALSE,FALSE,FALSE,FALSE 
CO0011,P001217,P011217,1,93.0000,HSS50.8X50.8X3.2,FALSE,FALSE,FALSE,FALSE,FALSE,FALSE,FALSE,FALSE,FALSE,FALSE,FALSE,FALSE,FALSE 
BE0060,P001217,P001218,2,0.0000,HSS50.8X50.8X3.2,FALSE,FALSE,FALSE,FALSE,FALSE,FALSE,FALSE,FALSE,FALSE,FALSE,FALSE,FALSE,FALSE 
BE0061,P001217,X001217113,2,0.0000,HSS50.8X50.8X3.2,FALSE,FALSE,FALSE,FALSE,FALSE,FALSE,FALSE,FALSE,FALSE,FALSE,FALSE,FALSE,FALSE 
BR0043,P011218,X001217113,3,0.0000,HSS50.8X50.8X3.2,FALSE,FALSE,FALSE,FALSE,FALSE,FALSE,FALSE,FALSE,FALSE,FALSE,FALSE,FALSE,FALSE 
BE0062,P001217,X001217115,2,0.0000,HSS50.8X50.8X3.2,FALSE,FALSE,FALSE,FALSE,FALSE,FALSE,FALSE,FALSE,FALSE,FALSE,FALSE,FALSE,FALSE 
BR0044,P011117,X001217115,3,0.0000,HSS50.8X50.8X3.2,FALSE,FALSE,FALSE,FALSE,FALSE,FALSE,FALSE,FALSE,FALSE,FALSE,FALSE,FALSE,FALSE 
BE0063,P001217,X001217117,2,0.0000,HSS50.8X50.8X3.2,FALSE,FALSE,FALSE,FALSE,FALSE,FALSE,FALSE,FALSE,FALSE,FALSE,FALSE,FALSE,FALSE 
BR0045,P001118,X001217117,3,0.0000,HSS50.8X50.8X3.2,FALSE,FALSE,FALSE,FALSE,FALSE,FALSE,FALSE,FALSE,FALSE,FALSE,FALSE,FALSE,FALSE 
BE0064,P001217,X001217119,2,0.0000,HSS50.8X50.8X3.2,FALSE,FALSE,FALSE,FALSE,FALSE,FALSE,FALSE,FALSE,FALSE,FALSE,FALSE,FALSE,FALSE 
BR0046,P001116,X001217119,3,0.0000,HSS50.8X50.8X3.2,FALSE,FALSE,FALSE,FALSE,FALSE,FALSE,FALSE,FALSE,FALSE,FALSE,FALSE,FALSE,FALSE 
CO0012,P001218,P011218,1,93.0000,HSS50.8X50.8X3.2,FALSE,FALSE,FALSE,FALSE,FALSE,FALSE,FALSE,FALSE,FALSE,FALSE,FALSE,FALSE,FALSE 
BE0065,P001218,P001219,2,0.0000,HSS50.8X50.8X3.2,FALSE,FALSE,FALSE,FALSE,FALSE,FALSE,FALSE,FALSE,FALSE,FALSE,FALSE,FALSE,FALSE 
BE0066,P001218,X001218123,2,0.0000,HSS50.8X50.8X3.2,FALSE,FALSE,FALSE,FALSE,FALSE,FALSE,FALSE,FALSE,FALSE,FALSE,FALSE,FALSE,FALSE 
BR0047,P011219,X001218123,3,0.0000,HSS50.8X50.8X3.2,FALSE,FALSE,FALSE,FALSE,FALSE,FALSE,FALSE,FALSE,FALSE,FALSE,FALSE,FALSE,FALSE 
BE0067,P001218,X001218125,2,0.0000,HSS50.8X50.8X3.2,FALSE,FALSE,FALSE,FALSE,FALSE,FALSE,FALSE,FALSE,FALSE,FALSE,FALSE,FALSE,FALSE 
BR0048,P011217,X001218125,3,0.0000,HSS50.8X50.8X3.2,FALSE,FALSE,FALSE,FALSE,FALSE,FALSE,FALSE,FALSE,FALSE,FALSE,FALSE,FALSE,FALSE 
BE0068,P001218,X001218127,2,0.0000,HSS50.8X50.8X3.2,FALSE,FALSE,FALSE,FALSE,FALSE,FALSE,FALSE,FALSE,FALSE,FALSE,FALSE,FALSE,FALSE 
BR0049,P011118,X001218127,3,0.0000,HSS50.8X50.8X3.2,FALSE,FALSE,FALSE,FALSE,FALSE,FALSE,FALSE,FALSE,FALSE,FALSE,FALSE,FALSE,FALSE 
BE0069,P001218,X001218129,2,0.0000,HSS50.8X50.8X3.2,FALSE,FALSE,FALSE,FALSE,FALSE,FALSE,FALSE,FALSE,FALSE,FALSE,FALSE,FALSE,FALSE 
BR0050,P001319,X001218129,3,0.0000,HSS50.8X50.8X3.2,FALSE,FALSE,FALSE,FALSE,FALSE,FALSE,FALSE,FALSE,FALSE,FALSE,FALSE,FALSE,FALSE 
BE0070,P001218,X001218131,2,0.0000,HSS50.8X50.8X3.2,FALSE,FALSE,FALSE,FALSE,FALSE,FALSE,FALSE,FALSE,FALSE,FALSE,FALSE,FALSE,FALSE 
BR0051,P001119,X001218131,3,0.0000,HSS50.8X50.8X3.2,FALSE,FALSE,FALSE,FALSE,FALSE,FALSE,FALSE,FALSE,FALSE,FALSE,FALSE,FALSE,FALSE 
BE0071,P001218,X001218133,2,0.0000,HSS50.8X50.8X3.2,FALSE,FALSE,FALSE,FALSE,FALSE,FALSE,FALSE,FALSE,FALSE,FALSE,FALSE,FALSE,FALSE 
BR0052,P001117,X001218133,3,0.0000,HSS50.8X50.8X3.2,FALSE,FALSE,FALSE,FALSE,FALSE,FALSE,FALSE,FALSE,FALSE,FALSE,FALSE,FALSE,FALSE 
CO0013,P001219,P011219,1,93.0000,HSS50.8X50.8X3.2,FALSE,FALSE,FALSE,FALSE,FALSE,FALSE,FALSE,FALSE,FALSE,FALSE,FALSE,FALSE,FALSE 
BE0072,P001219,P001319,2,0.0000,HSS50.8X50.8X3.2,FALSE,FALSE,FALSE,FALSE,FALSE,FALSE,FALSE,FALSE,FALSE,FALSE,FALSE,FALSE,FALSE 
BE0073,P001219,P001220,2,0.0000,HSS50.8X50.8X3.2,FALSE,FALSE,FALSE,FALSE,FALSE,FALSE,FALSE,FALSE,FALSE,FALSE,FALSE,FALSE,FALSE 
BE0074,P001219,X001219138,2,0.0000,HSS50.8X50.8X3.2,FALSE,FALSE,FALSE,FALSE,FALSE,FALSE,FALSE,FALSE,FALSE,FALSE,FALSE,FALSE,FALSE 
BR0053,P011319,X001219138,3,0.0000,HSS50.8X50.8X3.2,FALSE,FALSE,FALSE,FALSE,FALSE,FALSE,FALSE,FALSE,FALSE,FALSE,FALSE,FALSE,FALSE 
BE0075,P001219,X001219140,2,0.0000,HSS50.8X50.8X3.2,FALSE,FALSE,FALSE,FALSE,FALSE,FALSE,FALSE,FALSE,FALSE,FALSE,FALSE,FALSE,FALSE 
BR0054,P011220,X001219140,3,0.0000,HSS50.8X50.8X3.2,FALSE,FALSE,FALSE,FALSE,FALSE,FALSE,FALSE,FALSE,FALSE,FALSE,FALSE,FALSE,FALSE 
BE0076,P001219,X001219142,2,0.0000,HSS50.8X50.8X3.2,FALSE,FALSE,FALSE,FALSE,FALSE,FALSE,FALSE,FALSE,FALSE,FALSE,FALSE,FALSE,FALSE 
BR0055,P011218,X001219142,3,0.0000,HSS50.8X50.8X3.2,FALSE,FALSE,FALSE,FALSE,FALSE,FALSE,FALSE,FALSE,FALSE,FALSE,FALSE,FALSE,FALSE 
BE0077,P001219,X001219144,2,0.0000,HSS50.8X50.8X3.2,FALSE,FALSE,FALSE,FALSE,FALSE,FALSE,FALSE,FALSE,FALSE,FALSE,FALSE,FALSE,FALSE 
BR0056,P011119,X001219144,3,0.0000,HSS50.8X50.8X3.2,FALSE,FALSE,FALSE,FALSE,FALSE,FALSE,FALSE,FALSE,FALSE,FALSE,FALSE,FALSE,FALSE 
BE0078,P001219,X001219146,2,0.0000,HSS50.8X50.8X3.2,FALSE,FALSE,FALSE,FALSE,FALSE,FALSE,FALSE,FALSE,FALSE,FALSE,FALSE,FALSE,FALSE 
BR0057,P001320,X001219146,3,0.0000,HSS50.8X50.8X3.2,FALSE,FALSE,FALSE,FALSE,FALSE,FALSE,FALSE,FALSE,FALSE,FALSE,FALSE,FALSE,FALSE 
BE0079,P001219,X001219148,2,0.0000,HSS50.8X50.8X3.2,FALSE,FALSE,FALSE,FALSE,FALSE,FALSE,FALSE,FALSE,FALSE,FALSE,FALSE,FALSE,FALSE 
BR0058,P001120,X001219148,3,0.0000,HSS50.8X50.8X3.2,FALSE,FALSE,FALSE,FALSE,FALSE,FALSE,FALSE,FALSE,FALSE,FALSE,FALSE,FALSE,FALSE 
BE0080,P001219,X001219150,2,0.0000,HSS50.8X50.8X3.2,FALSE,FALSE,FALSE,FALSE,FALSE,FALSE,FALSE,FALSE,FALSE,FALSE,FALSE,FALSE,FALSE 
BR0059,P001118,X001219150,3,0.0000,HSS50.8X50.8X3.2,FALSE,FALSE,FALSE,FALSE,FALSE,FALSE,FALSE,FALSE,FALSE,FALSE,FALSE,FALSE,FALSE 
CO0014,P001220,P011220,1,93.0000,HSS50.8X50.8X3.2,FALSE,FALSE,FALSE,FALSE,FALSE,FALSE,FALSE,FALSE,FALSE,FALSE,FALSE,FALSE,FALSE 
BE0081,P001220,P001320,2,0.0000,HSS50.8X50.8X3.2,FALSE,FALSE,FALSE,FALSE,FALSE,FALSE,FALSE,FALSE,FALSE,FALSE,FALSE,FALSE,FALSE 
BE0082,P001220,P001221,2,0.0000,HSS50.8X50.8X3.2,FALSE,FALSE,FALSE,FALSE,FALSE,FALSE,FALSE,FALSE,FALSE,FALSE,FALSE,FALSE,FALSE 
BE0083,P001220,X001220155,2,0.0000,HSS50.8X50.8X3.2,FALSE,FALSE,FALSE,FALSE,FALSE,FALSE,FALSE,FALSE,FALSE,FALSE,FALSE,FALSE,FALSE 
BR0060,P011320,X001220155,3,0.0000,HSS50.8X50.8X3.2,FALSE,FALSE,FALSE,FALSE,FALSE,FALSE,FALSE,FALSE,FALSE,FALSE,FALSE,FALSE,FALSE 
BE0084,P001220,X001220157,2,0.0000,HSS50.8X50.8X3.2,FALSE,FALSE,FALSE,FALSE,FALSE,FALSE,FALSE,FALSE,FALSE,FALSE,FALSE,FALSE,FALSE 
BR0061,P011221,X001220157,3,0.0000,HSS50.8X50.8X3.2,FALSE,FALSE,FALSE,FALSE,FALSE,FALSE,FALSE,FALSE,FALSE,FALSE,FALSE,FALSE,FALSE 
BE0085,P001220,X001220159,2,0.0000,HSS50.8X50.8X3.2,FALSE,FALSE,FALSE,FALSE,FALSE,FALSE,FALSE,FALSE,FALSE,FALSE,FALSE,FALSE,FALSE 
BR0062,P011219,X001220159,3,0.0000,HSS50.8X50.8X3.2,FALSE,FALSE,FALSE,FALSE,FALSE,FALSE,FALSE,FALSE,FALSE,FALSE,FALSE,FALSE,FALSE 
BE0086,P001220,X001220161,2,0.0000,HSS50.8X50.8X3.2,FALSE,FALSE,FALSE,FALSE,FALSE,FALSE,FALSE,FALSE,FALSE,FALSE,FALSE,FALSE,FALSE 
BR0063,P011120,X001220161,3,0.0000,HSS50.8X50.8X3.2,FALSE,FALSE,FALSE,FALSE,FALSE,FALSE,FALSE,FALSE,FALSE,FALSE,FALSE,FALSE,FALSE 
BE0087,P001220,X001220163,2,0.0000,HSS50.8X50.8X3.2,FALSE,FALSE,FALSE,FALSE,FALSE,FALSE,FALSE,FALSE,FALSE,FALSE,FALSE,FALSE,FALSE 
BR0064,P001321,X001220163,3,0.0000,HSS50.8X50.8X3.2,FALSE,FALSE,FALSE,FALSE,FALSE,FALSE,FALSE,FALSE,FALSE,FALSE,FALSE,FALSE,FALSE 
BE0088,P001220,X001220165,2,0.0000,HSS50.8X50.8X3.2,FALSE,FALSE,FALSE,FALSE,FALSE,FALSE,FALSE,FALSE,FALSE,FALSE,FALSE,FALSE,FALSE 
BR0065,P001319,X001220165,3,0.0000,HSS50.8X50.8X3.2,FALSE,FALSE,FALSE,FALSE,FALSE,FALSE,FALSE,FALSE,FALSE,FALSE,FALSE,FALSE,FALSE 
BE0089,P001220,X001220167,2,0.0000,HSS50.8X50.8X3.2,FALSE,FALSE,FALSE,FALSE,FALSE,FALSE,FALSE,FALSE,FALSE,FALSE,FALSE,FALSE,FALSE 
BR0066,P001121,X001220167,3,0.0000,HSS50.8X50.8X3.2,FALSE,FALSE,FALSE,FALSE,FALSE,FALSE,FALSE,FALSE,FALSE,FALSE,FALSE,FALSE,FALSE 
BE0090,P001220,X001220169,2,0.0000,HSS50.8X50.8X3.2,FALSE,FALSE,FALSE,FALSE,FALSE,FALSE,FALSE,FALSE,FALSE,FALSE,FALSE,FALSE,FALSE 
BR0067,P001119,X001220169,3,0.0000,HSS50.8X50.8X3.2,FALSE,FALSE,FALSE,FALSE,FALSE,FALSE,FALSE,FALSE,FALSE,FALSE,FALSE,FALSE,FALSE 
CO0015,P001221,P011221,1,93.0000,HSS50.8X50.8X3.2,FALSE,FALSE,FALSE,FALSE,FALSE,FALSE,FALSE,FALSE,FALSE,FALSE,FALSE,FALSE,FALSE 
BE0091,P001221,P001321,2,0.0000,HSS50.8X50.8X3.2,FALSE,FALSE,FALSE,FALSE,FALSE,FALSE,FALSE,FALSE,FALSE,FALSE,FALSE,FALSE,FALSE 
BE0092,P001221,P001222,2,0.0000,HSS50.8X50.8X3.2,FALSE,FALSE,FALSE,FALSE,FALSE,FALSE,FALSE,FALSE,FALSE,FALSE,FALSE,FALSE,FALSE 
BE0093,P001221,X001221174,2,0.0000,HSS50.8X50.8X3.2,FALSE,FALSE,FALSE,FALSE,FALSE,FALSE,FALSE,FALSE,FALSE,FALSE,FALSE,FALSE,FALSE 
BR0068,P011321,X001221174,3,0.0000,HSS50.8X50.8X3.2,FALSE,FALSE,FALSE,FALSE,FALSE,FALSE,FALSE,FALSE,FALSE,FALSE,FALSE,FALSE,FALSE 
BE0094,P001221,X001221176,2,0.0000,HSS50.8X50.8X3.2,FALSE,FALSE,FALSE,FALSE,FALSE,FALSE,FALSE,FALSE,FALSE,FALSE,FALSE,FALSE,FALSE 
BR0069,P011222,X001221176,3,0.0000,HSS50.8X50.8X3.2,FALSE,FALSE,FALSE,FALSE,FALSE,FALSE,FALSE,FALSE,FALSE,FALSE,FALSE,FALSE,FALSE 
BE0095,P001221,X001221178,2,0.0000,HSS50.8X50.8X3.2,FALSE,FALSE,FALSE,FALSE,FALSE,FALSE,FALSE,FALSE,FALSE,FALSE,FALSE,FALSE,FALSE 
BR0070,P011220,X001221178,3,0.0000,HSS50.8X50.8X3.2,FALSE,FALSE,FALSE,FALSE,FALSE,FALSE,FALSE,FALSE,FALSE,FALSE,FALSE,FALSE,FALSE 
BE0096,P001221,X001221180,2,0.0000,HSS50.8X50.8X3.2,FALSE,FALSE,FALSE,FALSE,FALSE,FALSE,FALSE,FALSE,FALSE,FALSE,FALSE,FALSE,FALSE 
BR0071,P011121,X001221180,3,0.0000,HSS50.8X50.8X3.2,FALSE,FALSE,FALSE,FALSE,FALSE,FALSE,FALSE,FALSE,FALSE,FALSE,FALSE,FALSE,FALSE 
BE0097,P001221,X001221182,2,0.0000,HSS50.8X50.8X3.2,FALSE,FALSE,FALSE,FALSE,FALSE,FALSE,FALSE,FALSE,FALSE,FALSE,FALSE,FALSE,FALSE 
BR0072,P001322,X001221182,3,0.0000,HSS50.8X50.8X3.2,FALSE,FALSE,FALSE,FALSE,FALSE,FALSE,FALSE,FALSE,FALSE,FALSE,FALSE,FALSE,FALSE 
BE0098,P001221,X001221184,2,0.0000,HSS50.8X50.8X3.2,FALSE,FALSE,FALSE,FALSE,FALSE,FALSE,FALSE,FALSE,FALSE,FALSE,FALSE,FALSE,FALSE 
BR0073,P001320,X001221184,3,0.0000,HSS50.8X50.8X3.2,FALSE,FALSE,FALSE,FALSE,FALSE,FALSE,FALSE,FALSE,FALSE,FALSE,FALSE,FALSE,FALSE 
BE0099,P001221,X001221186,2,0.0000,HSS50.8X50.8X3.2,FALSE,FALSE,FALSE,FALSE,FALSE,FALSE,FALSE,FALSE,FALSE,FALSE,FALSE,FALSE,FALSE 
BR0074,P001122,X001221186,3,0.0000,HSS50.8X50.8X3.2,FALSE,FALSE,FALSE,FALSE,FALSE,FALSE,FALSE,FALSE,FALSE,FALSE,FALSE,FALSE,FALSE 
BE0100,P001221,X001221188,2,0.0000,HSS50.8X50.8X3.2,FALSE,FALSE,FALSE,FALSE,FALSE,FALSE,FALSE,FALSE,FALSE,FALSE,FALSE,FALSE,FALSE 
BR0075,P001120,X001221188,3,0.0000,HSS50.8X50.8X3.2,FALSE,FALSE,FALSE,FALSE,FALSE,FALSE,FALSE,FALSE,FALSE,FALSE,FALSE,FALSE,FALSE 
CO0016,P001222,P011222,1,93.0000,HSS50.8X50.8X3.2,FALSE,FALSE,FALSE,FALSE,FALSE,FALSE,FALSE,FALSE,FALSE,FALSE,FALSE,FALSE,FALSE 
BE0101,P001222,P001322,2,0.0000,HSS50.8X50.8X3.2,FALSE,FALSE,FALSE,FALSE,FALSE,FALSE,FALSE,FALSE,FALSE,FALSE,FALSE,FALSE,FALSE 
BE0102,P001222,P001223,2,0.0000,HSS50.8X50.8X3.2,FALSE,FALSE,FALSE,FALSE,FALSE,FALSE,FALSE,FALSE,FALSE,FALSE,FALSE,FALSE,FALSE 
BE0103,P001222,X001222193,2,0.0000,HSS50.8X50.8X3.2,FALSE,FALSE,FALSE,FALSE,FALSE,FALSE,FALSE,FALSE,FALSE,FALSE,FALSE,FALSE,FALSE 
BR0076,P011322,X001222193,3,0.0000,HSS50.8X50.8X3.2,FALSE,FALSE,FALSE,FALSE,FALSE,FALSE,FALSE,FALSE,FALSE,FALSE,FALSE,FALSE,FALSE 
BE0104,P001222,X001222195,2,0.0000,HSS50.8X50.8X3.2,FALSE,FALSE,FALSE,FALSE,FALSE,FALSE,FALSE,FALSE,FALSE,FALSE,FALSE,FALSE,FALSE 
BR0077,P011223,X001222195,3,0.0000,HSS50.8X50.8X3.2,FALSE,FALSE,FALSE,FALSE,FALSE,FALSE,FALSE,FALSE,FALSE,FALSE,FALSE,FALSE,FALSE 
BE0105,P001222,X001222197,2,0.0000,HSS50.8X50.8X3.2,FALSE,FALSE,FALSE,FALSE,FALSE,FALSE,FALSE,FALSE,FALSE,FALSE,FALSE,FALSE,FALSE 
BR0078,P011221,X001222197,3,0.0000,HSS50.8X50.8X3.2,FALSE,FALSE,FALSE,FALSE,FALSE,FALSE,FALSE,FALSE,FALSE,FALSE,FALSE,FALSE,FALSE 
BE0106,P001222,X001222199,2,0.0000,HSS50.8X50.8X3.2,FALSE,FALSE,FALSE,FALSE,FALSE,FALSE,FALSE,FALSE,FALSE,FALSE,FALSE,FALSE,FALSE 
BR0079,P011122,X001222199,3,0.0000,HSS50.8X50.8X3.2,FALSE,FALSE,FALSE,FALSE,FALSE,FALSE,FALSE,FALSE,FALSE,FALSE,FALSE,FALSE,FALSE 
BE0107,P001222,X001222201,2,0.0000,HSS50.8X50.8X3.2,FALSE,FALSE,FALSE,FALSE,FALSE,FALSE,FALSE,FALSE,FALSE,FALSE,FALSE,FALSE,FALSE 
BR0080,P001323,X001222201,3,0.0000,HSS50.8X50.8X3.2,FALSE,FALSE,FALSE,FALSE,FALSE,FALSE,FALSE,FALSE,FALSE,FALSE,FALSE,FALSE,FALSE 
BE0108,P001222,X001222203,2,0.0000,HSS50.8X50.8X3.2,FALSE,FALSE,FALSE,FALSE,FALSE,FALSE,FALSE,FALSE,FALSE,FALSE,FALSE,FALSE,FALSE 
BR0081,P001321,X001222203,3,0.0000,HSS50.8X50.8X3.2,FALSE,FALSE,FALSE,FALSE,FALSE,FALSE,FALSE,FALSE,FALSE,FALSE,FALSE,FALSE,FALSE 
BE0109,P001222,X001222205,2,0.0000,HSS50.8X50.8X3.2,FALSE,FALSE,FALSE,FALSE,FALSE,FALSE,FALSE,FALSE,FALSE,FALSE,FALSE,FALSE,FALSE 
BR0082,P001123,X001222205,3,0.0000,HSS50.8X50.8X3.2,FALSE,FALSE,FALSE,FALSE,FALSE,FALSE,FALSE,FALSE,FALSE,FALSE,FALSE,FALSE,FALSE 
BE0110,P001222,X001222207,2,0.0000,HSS50.8X50.8X3.2,FALSE,FALSE,FALSE,FALSE,FALSE,FALSE,FALSE,FALSE,FALSE,FALSE,FALSE,FALSE,FALSE 
BR0083,P001121,X001222207,3,0.0000,HSS50.8X50.8X3.2,FALSE,FALSE,FALSE,FALSE,FALSE,FALSE,FALSE,FALSE,FALSE,FALSE,FALSE,FALSE,FALSE 
CO0017,P001223,P011223,1,93.0000,HSS50.8X50.8X3.2,FALSE,FALSE,FALSE,FALSE,FALSE,FALSE,FALSE,FALSE,FALSE,FALSE,FALSE,FALSE,FALSE 
BE0111,P001223,P001323,2,0.0000,HSS50.8X50.8X3.2,FALSE,FALSE,FALSE,FALSE,FALSE,FALSE,FALSE,FALSE,FALSE,FALSE,FALSE,FALSE,FALSE 
BE0112,P001223,P001224,2,0.0000,HSS50.8X50.8X3.2,FALSE,FALSE,FALSE,FALSE,FALSE,FALSE,FALSE,FALSE,FALSE,FALSE,FALSE,FALSE,FALSE 
BE0113,P001223,X001223212,2,0.0000,HSS50.8X50.8X3.2,FALSE,FALSE,FALSE,FALSE,FALSE,FALSE,FALSE,FALSE,FALSE,FALSE,FALSE,FALSE,FALSE 
BR0084,P011323,X001223212,3,0.0000,HSS50.8X50.8X3.2,FALSE,FALSE,FALSE,FALSE,FALSE,FALSE,FALSE,FALSE,FALSE,FALSE,FALSE,FALSE,FALSE 
BE0114,P001223,X001223214,2,0.0000,HSS50.8X50.8X3.2,FALSE,FALSE,FALSE,FALSE,FALSE,FALSE,FALSE,FALSE,FALSE,FALSE,FALSE,FALSE,FALSE 
BR0085,P011224,X001223214,3,0.0000,HSS50.8X50.8X3.2,FALSE,FALSE,FALSE,FALSE,FALSE,FALSE,FALSE,FALSE,FALSE,FALSE,FALSE,FALSE,FALSE 
BE0115,P001223,X001223216,2,0.0000,HSS50.8X50.8X3.2,FALSE,FALSE,FALSE,FALSE,FALSE,FALSE,FALSE,FALSE,FALSE,FALSE,FALSE,FALSE,FALSE 
BR0086,P011222,X001223216,3,0.0000,HSS50.8X50.8X3.2,FALSE,FALSE,FALSE,FALSE,FALSE,FALSE,FALSE,FALSE,FALSE,FALSE,FALSE,FALSE,FALSE 
BE0116,P001223,X001223218,2,0.0000,HSS50.8X50.8X3.2,FALSE,FALSE,FALSE,FALSE,FALSE,FALSE,FALSE,FALSE,FALSE,FALSE,FALSE,FALSE,FALSE 
BR0087,P011123,X001223218,3,0.0000,HSS50.8X50.8X3.2,FALSE,FALSE,FALSE,FALSE,FALSE,FALSE,FALSE,FALSE,FALSE,FALSE,FALSE,FALSE,FALSE 
BE0117,P001223,X001223220,2,0.0000,HSS50.8X50.8X3.2,FALSE,FALSE,FALSE,FALSE,FALSE,FALSE,FALSE,FALSE,FALSE,FALSE,FALSE,FALSE,FALSE 
BR0088,P001324,X001223220,3,0.0000,HSS50.8X50.8X3.2,FALSE,FALSE,FALSE,FALSE,FALSE,FALSE,FALSE,FALSE,FALSE,FALSE,FALSE,FALSE,FALSE 
BE0118,P001223,X001223222,2,0.0000,HSS50.8X50.8X3.2,FALSE,FALSE,FALSE,FALSE,FALSE,FALSE,FALSE,FALSE,FALSE,FALSE,FALSE,FALSE,FALSE 
BR0089,P001322,X001223222,3,0.0000,HSS50.8X50.8X3.2,FALSE,FALSE,FALSE,FALSE,FALSE,FALSE,FALSE,FALSE,FALSE,FALSE,FALSE,FALSE,FALSE 
BE0119,P001223,X001223224,2,0.0000,HSS50.8X50.8X3.2,FALSE,FALSE,FALSE,FALSE,FALSE,FALSE,FALSE,FALSE,FALSE,FALSE,FALSE,FALSE,FALSE 
BR0090,P001124,X001223224,3,0.0000,HSS50.8X50.8X3.2,FALSE,FALSE,FALSE,FALSE,FALSE,FALSE,FALSE,FALSE,FALSE,FALSE,FALSE,FALSE,FALSE 
BE0120,P001223,X001223226,2,0.0000,HSS50.8X50.8X3.2,FALSE,FALSE,FALSE,FALSE,FALSE,FALSE,FALSE,FALSE,FALSE,FALSE,FALSE,FALSE,FALSE 
BR0091,P001122,X001223226,3,0.0000,HSS50.8X50.8X3.2,FALSE,FALSE,FALSE,FALSE,FALSE,FALSE,FALSE,FALSE,FALSE,FALSE,FALSE,FALSE,FALSE 
CO0018,P001224,P011224,1,93.0000,HSS50.8X50.8X3.2,FALSE,FALSE,FALSE,FALSE,FALSE,FALSE,FALSE,FALSE,FALSE,FALSE,FALSE,FALSE,FALSE 
BE0121,P001224,P001324,2,0.0000,HSS50.8X50.8X3.2,FALSE,FALSE,FALSE,FALSE,FALSE,FALSE,FALSE,FALSE,FALSE,FALSE,FALSE,FALSE,FALSE 
BE0122,P001224,P001225,2,0.0000,HSS50.8X50.8X3.2,FALSE,FALSE,FALSE,FALSE,FALSE,FALSE,FALSE,FALSE,FALSE,FALSE,FALSE,FALSE,FALSE 
BE0123,P001224,X001224231,2,0.0000,HSS50.8X50.8X3.2,FALSE,FALSE,FALSE,FALSE,FALSE,FALSE,FALSE,FALSE,FALSE,FALSE,FALSE,FALSE,FALSE 
BR0092,P011324,X001224231,3,0.0000,HSS50.8X50.8X3.2,FALSE,FALSE,FALSE,FALSE,FALSE,FALSE,FALSE,FALSE,FALSE,FALSE,FALSE,FALSE,FALSE 
BE0124,P001224,X001224233,2,0.0000,HSS50.8X50.8X3.2,FALSE,FALSE,FALSE,FALSE,FALSE,FALSE,FALSE,FALSE,FALSE,FALSE,FALSE,FALSE,FALSE 
BR0093,P011225,X001224233,3,0.0000,HSS50.8X50.8X3.2,FALSE,FALSE,FALSE,FALSE,FALSE,FALSE,FALSE,FALSE,FALSE,FALSE,FALSE,FALSE,FALSE 
BE0125,P001224,X001224235,2,0.0000,HSS50.8X50.8X3.2,FALSE,FALSE,FALSE,FALSE,FALSE,FALSE,FALSE,FALSE,FALSE,FALSE,FALSE,FALSE,FALSE 
BR0094,P011223,X001224235,3,0.0000,HSS50.8X50.8X3.2,FALSE,FALSE,FALSE,FALSE,FALSE,FALSE,FALSE,FALSE,FALSE,FALSE,FALSE,FALSE,FALSE 
BE0126,P001224,X001224237,2,0.0000,HSS50.8X50.8X3.2,FALSE,FALSE,FALSE,FALSE,FALSE,FALSE,FALSE,FALSE,FALSE,FALSE,FALSE,FALSE,FALSE 
BR0095,P011124,X001224237,3,0.0000,HSS50.8X50.8X3.2,FALSE,FALSE,FALSE,FALSE,FALSE,FALSE,FALSE,FALSE,FALSE,FALSE,FALSE,FALSE,FALSE 
BE0127,P001224,X001224239,2,0.0000,HSS50.8X50.8X3.2,FALSE,FALSE,FALSE,FALSE,FALSE,FALSE,FALSE,FALSE,FALSE,FALSE,FALSE,FALSE,FALSE 
BR0096,P001323,X001224239,3,0.0000,HSS50.8X50.8X3.2,FALSE,FALSE,FALSE,FALSE,FALSE,FALSE,FALSE,FALSE,FALSE,FALSE,FALSE,FALSE,FALSE 
BE0128,P001224,X001224241,2,0.0000,HSS50.8X50.8X3.2,FALSE,FALSE,FALSE,FALSE,FALSE,FALSE,FALSE,FALSE,FALSE,FALSE,FALSE,FALSE,FALSE 
BR0097,P001123,X001224241,3,0.0000,HSS50.8X50.8X3.2,FALSE,FALSE,FALSE,FALSE,FALSE,FALSE,FALSE,FALSE,FALSE,FALSE,FALSE,FALSE,FALSE 
CO0019,P001225,P011225,1,93.0000,HSS50.8X50.8X3.2,FALSE,FALSE,FALSE,FALSE,FALSE,FALSE,FALSE,FALSE,FALSE,FALSE,FALSE,FALSE,FALSE 
BE0129,P001225,X001225244,2,0.0000,HSS50.8X50.8X3.2,FALSE,FALSE,FALSE,FALSE,FALSE,FALSE,FALSE,FALSE,FALSE,FALSE,FALSE,FALSE,FALSE 
BR0098,P011224,X001225244,3,0.0000,HSS50.8X50.8X3.2,FALSE,FALSE,FALSE,FALSE,FALSE,FALSE,FALSE,FALSE,FALSE,FALSE,FALSE,FALSE,FALSE 
BE0130,P001225,X001225246,2,0.0000,HSS50.8X50.8X3.2,FALSE,FALSE,FALSE,FALSE,FALSE,FALSE,FALSE,FALSE,FALSE,FALSE,FALSE,FALSE,FALSE 
BR0099,P001324,X001225246,3,0.0000,HSS50.8X50.8X3.2,FALSE,FALSE,FALSE,FALSE,FALSE,FALSE,FALSE,FALSE,FALSE,FALSE,FALSE,FALSE,FALSE 
BE0131,P001225,X001225248,2,0.0000,HSS50.8X50.8X3.2,FALSE,FALSE,FALSE,FALSE,FALSE,FALSE,FALSE,FALSE,FALSE,FALSE,FALSE,FALSE,FALSE 
BR0100,P001124,X001225248,3,0.0000,HSS50.8X50.8X3.2,FALSE,FALSE,FALSE,FALSE,FALSE,FALSE,FALSE,FALSE,FALSE,FALSE,FALSE,FALSE,FALSE 
CO0020,P001319,P011319,1,93.0000,HSS50.8X50.8X3.2,FALSE,FALSE,FALSE,FALSE,FALSE,FALSE,FALSE,FALSE,FALSE,FALSE,FALSE,FALSE,FALSE 
BE0132,P001319,P001320,2,0.0000,HSS50.8X50.8X3.2,FALSE,FALSE,FALSE,FALSE,FALSE,FALSE,FALSE,FALSE,FALSE,FALSE,FALSE,FALSE,FALSE 
BE0133,P001319,X001319252,2,0.0000,HSS50.8X50.8X3.2,FALSE,FALSE,FALSE,FALSE,FALSE,FALSE,FALSE,FALSE,FALSE,FALSE,FALSE,FALSE,FALSE 
BR0101,P011320,X001319252,3,0.0000,HSS50.8X50.8X3.2,FALSE,FALSE,FALSE,FALSE,FALSE,FALSE,FALSE,FALSE,FALSE,FALSE,FALSE,FALSE,FALSE 
BE0134,P001319,X001319254,2,0.0000,HSS50.8X50.8X3.2,FALSE,FALSE,FALSE,FALSE,FALSE,FALSE,FALSE,FALSE,FALSE,FALSE,FALSE,FALSE,FALSE 
BR0102,P011219,X001319254,3,0.0000,HSS50.8X50.8X3.2,FALSE,FALSE,FALSE,FALSE,FALSE,FALSE,FALSE,FALSE,FALSE,FALSE,FALSE,FALSE,FALSE 
BE0135,P001319,X001319256,2,0.0000,HSS50.8X50.8X3.2,FALSE,FALSE,FALSE,FALSE,FALSE,FALSE,FALSE,FALSE,FALSE,FALSE,FALSE,FALSE,FALSE 
BR0103,P001220,X001319256,3,0.0000,HSS50.8X50.8X3.2,FALSE,FALSE,FALSE,FALSE,FALSE,FALSE,FALSE,FALSE,FALSE,FALSE,FALSE,FALSE,FALSE 
BE0136,P001319,X001319258,2,0.0000,HSS50.8X50.8X3.2,FALSE,FALSE,FALSE,FALSE,FALSE,FALSE,FALSE,FALSE,FALSE,FALSE,FALSE,FALSE,FALSE 
BR0104,P001218,X001319258,3,0.0000,HSS50.8X50.8X3.2,FALSE,FALSE,FALSE,FALSE,FALSE,FALSE,FALSE,FALSE,FALSE,FALSE,FALSE,FALSE,FALSE 
CO0021,P001320,P011320,1,93.0000,HSS50.8X50.8X3.2,FALSE,FALSE,FALSE,FALSE,FALSE,FALSE,FALSE,FALSE,FALSE,FALSE,FALSE,FALSE,FALSE 
BE0137,P001320,P001321,2,0.0000,HSS50.8X50.8X3.2,FALSE,FALSE,FALSE,FALSE,FALSE,FALSE,FALSE,FALSE,FALSE,FALSE,FALSE,FALSE,FALSE 
BE0138,P001320,X001320262,2,0.0000,HSS50.8X50.8X3.2,FALSE,FALSE,FALSE,FALSE,FALSE,FALSE,FALSE,FALSE,FALSE,FALSE,FALSE,FALSE,FALSE 
BR0105,P011321,X001320262,3,0.0000,HSS50.8X50.8X3.2,FALSE,FALSE,FALSE,FALSE,FALSE,FALSE,FALSE,FALSE,FALSE,FALSE,FALSE,FALSE,FALSE 
BE0139,P001320,X001320264,2,0.0000,HSS50.8X50.8X3.2,FALSE,FALSE,FALSE,FALSE,FALSE,FALSE,FALSE,FALSE,FALSE,FALSE,FALSE,FALSE,FALSE 
BR0106,P011319,X001320264,3,0.0000,HSS50.8X50.8X3.2,FALSE,FALSE,FALSE,FALSE,FALSE,FALSE,FALSE,FALSE,FALSE,FALSE,FALSE,FALSE,FALSE 
BE0140,P001320,X001320266,2,0.0000,HSS50.8X50.8X3.2,FALSE,FALSE,FALSE,FALSE,FALSE,FALSE,FALSE,FALSE,FALSE,FALSE,FALSE,FALSE,FALSE 
BR0107,P011220,X001320266,3,0.0000,HSS50.8X50.8X3.2,FALSE,FALSE,FALSE,FALSE,FALSE,FALSE,FALSE,FALSE,FALSE,FALSE,FALSE,FALSE,FALSE 
BE0141,P001320,X001320268,2,0.0000,HSS50.8X50.8X3.2,FALSE,FALSE,FALSE,FALSE,FALSE,FALSE,FALSE,FALSE,FALSE,FALSE,FALSE,FALSE,FALSE 
BR0108,P001221,X001320268,3,0.0000,HSS50.8X50.8X3.2,FALSE,FALSE,FALSE,FALSE,FALSE,FALSE,FALSE,FALSE,FALSE,FALSE,FALSE,FALSE,FALSE 
BE0142,P001320,X001320270,2,0.0000,HSS50.8X50.8X3.2,FALSE,FALSE,FALSE,FALSE,FALSE,FALSE,FALSE,FALSE,FALSE,FALSE,FALSE,FALSE,FALSE 
BR0109,P001219,X001320270,3,0.0000,HSS50.8X50.8X3.2,FALSE,FALSE,FALSE,FALSE,FALSE,FALSE,FALSE,FALSE,FALSE,FALSE,FALSE,FALSE,FALSE 
CO0022,P001321,P011321,1,93.0000,HSS50.8X50.8X3.2,FALSE,FALSE,FALSE,FALSE,FALSE,FALSE,FALSE,FALSE,FALSE,FALSE,FALSE,FALSE,FALSE 
BE0143,P001321,P001322,2,0.0000,HSS50.8X50.8X3.2,FALSE,FALSE,FALSE,FALSE,FALSE,FALSE,FALSE,FALSE,FALSE,FALSE,FALSE,FALSE,FALSE 
BE0144,P001321,X001321274,2,0.0000,HSS50.8X50.8X3.2,FALSE,FALSE,FALSE,FALSE,FALSE,FALSE,FALSE,FALSE,FALSE,FALSE,FALSE,FALSE,FALSE 
BR0110,P011322,X001321274,3,0.0000,HSS50.8X50.8X3.2,FALSE,FALSE,FALSE,FALSE,FALSE,FALSE,FALSE,FALSE,FALSE,FALSE,FALSE,FALSE,FALSE 
BE0145,P001321,X001321276,2,0.0000,HSS50.8X50.8X3.2,FALSE,FALSE,FALSE,FALSE,FALSE,FALSE,FALSE,FALSE,FALSE,FALSE,FALSE,FALSE,FALSE 
BR0111,P011320,X001321276,3,0.0000,HSS50.8X50.8X3.2,FALSE,FALSE,FALSE,FALSE,FALSE,FALSE,FALSE,FALSE,FALSE,FALSE,FALSE,FALSE,FALSE 
BE0146,P001321,X001321278,2,0.0000,HSS50.8X50.8X3.2,FALSE,FALSE,FALSE,FALSE,FALSE,FALSE,FALSE,FALSE,FALSE,FALSE,FALSE,FALSE,FALSE 
BR0112,P011221,X001321278,3,0.0000,HSS50.8X50.8X3.2,FALSE,FALSE,FALSE,FALSE,FALSE,FALSE,FALSE,FALSE,FALSE,FALSE,FALSE,FALSE,FALSE 
BE0147,P001321,X001321280,2,0.0000,HSS50.8X50.8X3.2,FALSE,FALSE,FALSE,FALSE,FALSE,FALSE,FALSE,FALSE,FALSE,FALSE,FALSE,FALSE,FALSE 
BR0113,P001222,X001321280,3,0.0000,HSS50.8X50.8X3.2,FALSE,FALSE,FALSE,FALSE,FALSE,FALSE,FALSE,FALSE,FALSE,FALSE,FALSE,FALSE,FALSE 
BE0148,P001321,X001321282,2,0.0000,HSS50.8X50.8X3.2,FALSE,FALSE,FALSE,FALSE,FALSE,FALSE,FALSE,FALSE,FALSE,FALSE,FALSE,FALSE,FALSE 
BR0114,P001220,X001321282,3,0.0000,HSS50.8X50.8X3.2,FALSE,FALSE,FALSE,FALSE,FALSE,FALSE,FALSE,FALSE,FALSE,FALSE,FALSE,FALSE,FALSE 
CO0023,P001322,P011322,1,93.0000,HSS50.8X50.8X3.2,FALSE,FALSE,FALSE,FALSE,FALSE,FALSE,FALSE,FALSE,FALSE,FALSE,FALSE,FALSE,FALSE 
BE0149,P001322,P001323,2,0.0000,HSS50.8X50.8X3.2,FALSE,FALSE,FALSE,FALSE,FALSE,FALSE,FALSE,FALSE,FALSE,FALSE,FALSE,FALSE,FALSE 
BE0150,P001322,X001322286,2,0.0000,HSS50.8X50.8X3.2,FALSE,FALSE,FALSE,FALSE,FALSE,FALSE,FALSE,FALSE,FALSE,FALSE,FALSE,FALSE,FALSE 
BR0115,P011323,X001322286,3,0.0000,HSS50.8X50.8X3.2,FALSE,FALSE,FALSE,FALSE,FALSE,FALSE,FALSE,FALSE,FALSE,FALSE,FALSE,FALSE,FALSE 
BE0151,P001322,X001322288,2,0.0000,HSS50.8X50.8X3.2,FALSE,FALSE,FALSE,FALSE,FALSE,FALSE,FALSE,FALSE,FALSE,FALSE,FALSE,FALSE,FALSE 
BR0116,P011321,X001322288,3,0.0000,HSS50.8X50.8X3.2,FALSE,FALSE,FALSE,FALSE,FALSE,FALSE,FALSE,FALSE,FALSE,FALSE,FALSE,FALSE,FALSE 
BE0152,P001322,X001322290,2,0.0000,HSS50.8X50.8X3.2,FALSE,FALSE,FALSE,FALSE,FALSE,FALSE,FALSE,FALSE,FALSE,FALSE,FALSE,FALSE,FALSE 
BR0117,P011222,X001322290,3,0.0000,HSS50.8X50.8X3.2,FALSE,FALSE,FALSE,FALSE,FALSE,FALSE,FALSE,FALSE,FALSE,FALSE,FALSE,FALSE,FALSE 
BE0153,P001322,X001322292,2,0.0000,HSS50.8X50.8X3.2,FALSE,FALSE,FALSE,FALSE,FALSE,FALSE,FALSE,FALSE,FALSE,FALSE,FALSE,FALSE,FALSE 
BR0118,P001223,X001322292,3,0.0000,HSS50.8X50.8X3.2,FALSE,FALSE,FALSE,FALSE,FALSE,FALSE,FALSE,FALSE,FALSE,FALSE,FALSE,FALSE,FALSE 
BE0154,P001322,X001322294,2,0.0000,HSS50.8X50.8X3.2,FALSE,FALSE,FALSE,FALSE,FALSE,FALSE,FALSE,FALSE,FALSE,FALSE,FALSE,FALSE,FALSE 
BR0119,P001221,X001322294,3,0.0000,HSS50.8X50.8X3.2,FALSE,FALSE,FALSE,FALSE,FALSE,FALSE,FALSE,FALSE,FALSE,FALSE,FALSE,FALSE,FALSE 
CO0024,P001323,P011323,1,93.0000,HSS50.8X50.8X3.2,FALSE,FALSE,FALSE,FALSE,FALSE,FALSE,FALSE,FALSE,FALSE,FALSE,FALSE,FALSE,FALSE 
BE0155,P001323,P001324,2,0.0000,HSS50.8X50.8X3.2,FALSE,FALSE,FALSE,FALSE,FALSE,FALSE,FALSE,FALSE,FALSE,FALSE,FALSE,FALSE,FALSE 
BE0156,P001323,X001323298,2,0.0000,HSS50.8X50.8X3.2,FALSE,FALSE,FALSE,FALSE,FALSE,FALSE,FALSE,FALSE,FALSE,FALSE,FALSE,FALSE,FALSE 
BR0120,P011324,X001323298,3,0.0000,HSS50.8X50.8X3.2,FALSE,FALSE,FALSE,FALSE,FALSE,FALSE,FALSE,FALSE,FALSE,FALSE,FALSE,FALSE,FALSE 
BE0157,P001323,X001323300,2,0.0000,HSS50.8X50.8X3.2,FALSE,FALSE,FALSE,FALSE,FALSE,FALSE,FALSE,FALSE,FALSE,FALSE,FALSE,FALSE,FALSE 
BR0121,P011322,X001323300,3,0.0000,HSS50.8X50.8X3.2,FALSE,FALSE,FALSE,FALSE,FALSE,FALSE,FALSE,FALSE,FALSE,FALSE,FALSE,FALSE,FALSE 
BE0158,P001323,X001323302,2,0.0000,HSS50.8X50.8X3.2,FALSE,FALSE,FALSE,FALSE,FALSE,FALSE,FALSE,FALSE,FALSE,FALSE,FALSE,FALSE,FALSE 
BR0122,P011223,X001323302,3,0.0000,HSS50.8X50.8X3.2,FALSE,FALSE,FALSE,FALSE,FALSE,FALSE,FALSE,FALSE,FALSE,FALSE,FALSE,FALSE,FALSE 
BE0159,P001323,X001323304,2,0.0000,HSS50.8X50.8X3.2,FALSE,FALSE,FALSE,FALSE,FALSE,FALSE,FALSE,FALSE,FALSE,FALSE,FALSE,FALSE,FALSE 
BR0123,P001224,X001323304,3,0.0000,HSS50.8X50.8X3.2,FALSE,FALSE,FALSE,FALSE,FALSE,FALSE,FALSE,FALSE,FALSE,FALSE,FALSE,FALSE,FALSE 
BE0160,P001323,X001323306,2,0.0000,HSS50.8X50.8X3.2,FALSE,FALSE,FALSE,FALSE,FALSE,FALSE,FALSE,FALSE,FALSE,FALSE,FALSE,FALSE,FALSE 
BR0124,P001222,X001323306,3,0.0000,HSS50.8X50.8X3.2,FALSE,FALSE,FALSE,FALSE,FALSE,FALSE,FALSE,FALSE,FALSE,FALSE,FALSE,FALSE,FALSE 
CO0025,P001324,P011324,1,93.0000,HSS50.8X50.8X3.2,FALSE,FALSE,FALSE,FALSE,FALSE,FALSE,FALSE,FALSE,FALSE,FALSE,FALSE,FALSE,FALSE 
BE0161,P001324,X001324309,2,0.0000,HSS50.8X50.8X3.2,FALSE,FALSE,FALSE,FALSE,FALSE,FALSE,FALSE,FALSE,FALSE,FALSE,FALSE,FALSE,FALSE 
BR0125,P011323,X001324309,3,0.0000,HSS50.8X50.8X3.2,FALSE,FALSE,FALSE,FALSE,FALSE,FALSE,FALSE,FALSE,FALSE,FALSE,FALSE,FALSE,FALSE 
BE0162,P001324,X001324311,2,0.0000,HSS50.8X50.8X3.2,FALSE,FALSE,FALSE,FALSE,FALSE,FALSE,FALSE,FALSE,FALSE,FALSE,FALSE,FALSE,FALSE 
BR0126,P011224,X001324311,3,0.0000,HSS50.8X50.8X3.2,FALSE,FALSE,FALSE,FALSE,FALSE,FALSE,FALSE,FALSE,FALSE,FALSE,FALSE,FALSE,FALSE 
BE0163,P001324,X001324313,2,0.0000,HSS50.8X50.8X3.2,FALSE,FALSE,FALSE,FALSE,FALSE,FALSE,FALSE,FALSE,FALSE,FALSE,FALSE,FALSE,FALSE 
BR0127,P001225,X001324313,3,0.0000,HSS50.8X50.8X3.2,FALSE,FALSE,FALSE,FALSE,FALSE,FALSE,FALSE,FALSE,FALSE,FALSE,FALSE,FALSE,FALSE 
BE0164,P001324,X001324315,2,0.0000,HSS50.8X50.8X3.2,FALSE,FALSE,FALSE,FALSE,FALSE,FALSE,FALSE,FALSE,FALSE,FALSE,FALSE,FALSE,FALSE 
BR0128,P001223,X001324315,3,0.0000,HSS50.8X50.8X3.2,FALSE,FALSE,FALSE,FALSE,FALSE,FALSE,FALSE,FALSE,FALSE,FALSE,FALSE,FALSE,FALSE 
CO0026,P011115,P021115,1,93.0000,HSS50.8X50.8X3.2,FALSE,FALSE,FALSE,FALSE,FALSE,FALSE,FALSE,FALSE,FALSE,FALSE,FALSE,FALSE,FALSE 
BE0165,P011115,P011116,2,0.0000,HSS50.8X50.8X3.2,FALSE,FALSE,FALSE,FALSE,FALSE,FALSE,FALSE,FALSE,FALSE,FALSE,FALSE,FALSE,FALSE 
BE0166,P011115,X011115319,2,0.0000,HSS50.8X50.8X3.2,FALSE,FALSE,FALSE,FALSE,FALSE,FALSE,FALSE,FALSE,FALSE,FALSE,FALSE,FALSE,FALSE 
BR0129,P021116,X011115319,3,0.0000,HSS50.8X50.8X3.2,FALSE,FALSE,FALSE,FALSE,FALSE,FALSE,FALSE,FALSE,FALSE,FALSE,FALSE,FALSE,FALSE 
CO0027,P011116,P021116,1,93.0000,HSS50.8X50.8X3.2,FALSE,FALSE,FALSE,FALSE,FALSE,FALSE,FALSE,FALSE,FALSE,FALSE,FALSE,FALSE,FALSE 
BE0167,P011116,P011117,2,0.0000,HSS50.8X50.8X3.2,FALSE,FALSE,FALSE,FALSE,FALSE,FALSE,FALSE,FALSE,FALSE,FALSE,FALSE,FALSE,FALSE 
BE0168,P011116,X011116323,2,0.0000,HSS50.8X50.8X3.2,FALSE,FALSE,FALSE,FALSE,FALSE,FALSE,FALSE,FALSE,FALSE,FALSE,FALSE,FALSE,FALSE 
BR0130,P021117,X011116323,3,0.0000,HSS50.8X50.8X3.2,FALSE,FALSE,FALSE,FALSE,FALSE,FALSE,FALSE,FALSE,FALSE,FALSE,FALSE,FALSE,FALSE 
BE0169,P011116,X011116325,2,0.0000,HSS50.8X50.8X3.2,FALSE,FALSE,FALSE,FALSE,FALSE,FALSE,FALSE,FALSE,FALSE,FALSE,FALSE,FALSE,FALSE 
BR0131,P021115,X011116325,3,0.0000,HSS50.8X50.8X3.2,FALSE,FALSE,FALSE,FALSE,FALSE,FALSE,FALSE,FALSE,FALSE,FALSE,FALSE,FALSE,FALSE 
BE0170,P011116,X011116327,2,0.0000,HSS50.8X50.8X3.2,FALSE,FALSE,FALSE,FALSE,FALSE,FALSE,FALSE,FALSE,FALSE,FALSE,FALSE,FALSE,FALSE 
BR0132,P011217,X011116327,3,0.0000,HSS50.8X50.8X3.2,FALSE,FALSE,FALSE,FALSE,FALSE,FALSE,FALSE,FALSE,FALSE,FALSE,FALSE,FALSE,FALSE 
CO0028,P011117,P021117,1,93.0000,HSS50.8X50.8X3.2,FALSE,FALSE,FALSE,FALSE,FALSE,FALSE,FALSE,FALSE,FALSE,FALSE,FALSE,FALSE,FALSE 
BE0171,P011117,P011217,2,0.0000,HSS50.8X50.8X3.2,FALSE,FALSE,FALSE,FALSE,FALSE,FALSE,FALSE,FALSE,FALSE,FALSE,FALSE,FALSE,FALSE 
BE0172,P011117,P011118,2,0.0000,HSS50.8X50.8X3.2,FALSE,FALSE,FALSE,FALSE,FALSE,FALSE,FALSE,FALSE,FALSE,FALSE,FALSE,FALSE,FALSE 
BE0173,P011117,X011117332,2,0.0000,HSS50.8X50.8X3.2,FALSE,FALSE,FALSE,FALSE,FALSE,FALSE,FALSE,FALSE,FALSE,FALSE,FALSE,FALSE,FALSE 
BR0133,P021118,X011117332,3,0.0000,HSS50.8X50.8X3.2,FALSE,FALSE,FALSE,FALSE,FALSE,FALSE,FALSE,FALSE,FALSE,FALSE,FALSE,FALSE,FALSE 
BE0174,P011117,X011117334,2,0.0000,HSS50.8X50.8X3.2,FALSE,FALSE,FALSE,FALSE,FALSE,FALSE,FALSE,FALSE,FALSE,FALSE,FALSE,FALSE,FALSE 
BR0134,P021116,X011117334,3,0.0000,HSS50.8X50.8X3.2,FALSE,FALSE,FALSE,FALSE,FALSE,FALSE,FALSE,FALSE,FALSE,FALSE,FALSE,FALSE,FALSE 
BE0175,P011117,X011117336,2,0.0000,HSS50.8X50.8X3.2,FALSE,FALSE,FALSE,FALSE,FALSE,FALSE,FALSE,FALSE,FALSE,FALSE,FALSE,FALSE,FALSE 
BR0135,P011218,X011117336,3,0.0000,HSS50.8X50.8X3.2,FALSE,FALSE,FALSE,FALSE,FALSE,FALSE,FALSE,FALSE,FALSE,FALSE,FALSE,FALSE,FALSE 
CO0029,P011118,P021118,1,93.0000,HSS50.8X50.8X3.2,FALSE,FALSE,FALSE,FALSE,FALSE,FALSE,FALSE,FALSE,FALSE,FALSE,FALSE,FALSE,FALSE 
BE0176,P011118,P011218,2,0.0000,HSS50.8X50.8X3.2,FALSE,FALSE,FALSE,FALSE,FALSE,FALSE,FALSE,FALSE,FALSE,FALSE,FALSE,FALSE,FALSE 
BE0177,P011118,P011119,2,0.0000,HSS50.8X50.8X3.2,FALSE,FALSE,FALSE,FALSE,FALSE,FALSE,FALSE,FALSE,FALSE,FALSE,FALSE,FALSE,FALSE 
BE0178,P011118,X011118341,2,0.0000,HSS50.8X50.8X3.2,FALSE,FALSE,FALSE,FALSE,FALSE,FALSE,FALSE,FALSE,FALSE,FALSE,FALSE,FALSE,FALSE 
BR0136,P021218,X011118341,3,0.0000,HSS50.8X50.8X3.2,FALSE,FALSE,FALSE,FALSE,FALSE,FALSE,FALSE,FALSE,FALSE,FALSE,FALSE,FALSE,FALSE 
BE0179,P011118,X011118343,2,0.0000,HSS50.8X50.8X3.2,FALSE,FALSE,FALSE,FALSE,FALSE,FALSE,FALSE,FALSE,FALSE,FALSE,FALSE,FALSE,FALSE 
BR0137,P021119,X011118343,3,0.0000,HSS50.8X50.8X3.2,FALSE,FALSE,FALSE,FALSE,FALSE,FALSE,FALSE,FALSE,FALSE,FALSE,FALSE,FALSE,FALSE 
BE0180,P011118,X011118345,2,0.0000,HSS50.8X50.8X3.2,FALSE,FALSE,FALSE,FALSE,FALSE,FALSE,FALSE,FALSE,FALSE,FALSE,FALSE,FALSE,FALSE 
BR0138,P021117,X011118345,3,0.0000,HSS50.8X50.8X3.2,FALSE,FALSE,FALSE,FALSE,FALSE,FALSE,FALSE,FALSE,FALSE,FALSE,FALSE,FALSE,FALSE 
BE0181,P011118,X011118347,2,0.0000,HSS50.8X50.8X3.2,FALSE,FALSE,FALSE,FALSE,FALSE,FALSE,FALSE,FALSE,FALSE,FALSE,FALSE,FALSE,FALSE 
BR0139,P011219,X011118347,3,0.0000,HSS50.8X50.8X3.2,FALSE,FALSE,FALSE,FALSE,FALSE,FALSE,FALSE,FALSE,FALSE,FALSE,FALSE,FALSE,FALSE 
BE0182,P011118,X011118349,2,0.0000,HSS50.8X50.8X3.2,FALSE,FALSE,FALSE,FALSE,FALSE,FALSE,FALSE,FALSE,FALSE,FALSE,FALSE,FALSE,FALSE 
BR0140,P011217,X011118349,3,0.0000,HSS50.8X50.8X3.2,FALSE,FALSE,FALSE,FALSE,FALSE,FALSE,FALSE,FALSE,FALSE,FALSE,FALSE,FALSE,FALSE 
CO0030,P011119,P021119,1,93.0000,HSS50.8X50.8X3.2,FALSE,FALSE,FALSE,FALSE,FALSE,FALSE,FALSE,FALSE,FALSE,FALSE,FALSE,FALSE,FALSE 
BE0183,P011119,P011219,2,0.0000,HSS50.8X50.8X3.2,FALSE,FALSE,FALSE,FALSE,FALSE,FALSE,FALSE,FALSE,FALSE,FALSE,FALSE,FALSE,FALSE 
BE0184,P011119,P011120,2,0.0000,HSS50.8X50.8X3.2,FALSE,FALSE,FALSE,FALSE,FALSE,FALSE,FALSE,FALSE,FALSE,FALSE,FALSE,FALSE,FALSE 
BE0185,P011119,X011119354,2,0.0000,HSS50.8X50.8X3.2,FALSE,FALSE,FALSE,FALSE,FALSE,FALSE,FALSE,FALSE,FALSE,FALSE,FALSE,FALSE,FALSE 
BR0141,P021219,X011119354,3,0.0000,HSS50.8X50.8X3.2,FALSE,FALSE,FALSE,FALSE,FALSE,FALSE,FALSE,FALSE,FALSE,FALSE,FALSE,FALSE,FALSE 
BE0186,P011119,X011119356,2,0.0000,HSS50.8X50.8X3.2,FALSE,FALSE,FALSE,FALSE,FALSE,FALSE,FALSE,FALSE,FALSE,FALSE,FALSE,FALSE,FALSE 
BR0142,P021120,X011119356,3,0.0000,HSS50.8X50.8X3.2,FALSE,FALSE,FALSE,FALSE,FALSE,FALSE,FALSE,FALSE,FALSE,FALSE,FALSE,FALSE,FALSE 
BE0187,P011119,X011119358,2,0.0000,HSS50.8X50.8X3.2,FALSE,FALSE,FALSE,FALSE,FALSE,FALSE,FALSE,FALSE,FALSE,FALSE,FALSE,FALSE,FALSE 
BR0143,P021118,X011119358,3,0.0000,HSS50.8X50.8X3.2,FALSE,FALSE,FALSE,FALSE,FALSE,FALSE,FALSE,FALSE,FALSE,FALSE,FALSE,FALSE,FALSE 
BE0188,P011119,X011119360,2,0.0000,HSS50.8X50.8X3.2,FALSE,FALSE,FALSE,FALSE,FALSE,FALSE,FALSE,FALSE,FALSE,FALSE,FALSE,FALSE,FALSE 
BR0144,P011220,X011119360,3,0.0000,HSS50.8X50.8X3.2,FALSE,FALSE,FALSE,FALSE,FALSE,FALSE,FALSE,FALSE,FALSE,FALSE,FALSE,FALSE,FALSE 
BE0189,P011119,X011119362,2,0.0000,HSS50.8X50.8X3.2,FALSE,FALSE,FALSE,FALSE,FALSE,FALSE,FALSE,FALSE,FALSE,FALSE,FALSE,FALSE,FALSE 
BR0145,P011218,X011119362,3,0.0000,HSS50.8X50.8X3.2,FALSE,FALSE,FALSE,FALSE,FALSE,FALSE,FALSE,FALSE,FALSE,FALSE,FALSE,FALSE,FALSE 
CO0031,P011120,P021120,1,93.0000,HSS50.8X50.8X3.2,FALSE,FALSE,FALSE,FALSE,FALSE,FALSE,FALSE,FALSE,FALSE,FALSE,FALSE,FALSE,FALSE 
BE0190,P011120,P011220,2,0.0000,HSS50.8X50.8X3.2,FALSE,FALSE,FALSE,FALSE,FALSE,FALSE,FALSE,FALSE,FALSE,FALSE,FALSE,FALSE,FALSE 
BE0191,P011120,P011121,2,0.0000,HSS50.8X50.8X3.2,FALSE,FALSE,FALSE,FALSE,FALSE,FALSE,FALSE,FALSE,FALSE,FALSE,FALSE,FALSE,FALSE 
BE0192,P011120,X011120367,2,0.0000,HSS50.8X50.8X3.2,FALSE,FALSE,FALSE,FALSE,FALSE,FALSE,FALSE,FALSE,FALSE,FALSE,FALSE,FALSE,FALSE 
BR0146,P021220,X011120367,3,0.0000,HSS50.8X50.8X3.2,FALSE,FALSE,FALSE,FALSE,FALSE,FALSE,FALSE,FALSE,FALSE,FALSE,FALSE,FALSE,FALSE 
BE0193,P011120,X011120369,2,0.0000,HSS50.8X50.8X3.2,FALSE,FALSE,FALSE,FALSE,FALSE,FALSE,FALSE,FALSE,FALSE,FALSE,FALSE,FALSE,FALSE 
BR0147,P021121,X011120369,3,0.0000,HSS50.8X50.8X3.2,FALSE,FALSE,FALSE,FALSE,FALSE,FALSE,FALSE,FALSE,FALSE,FALSE,FALSE,FALSE,FALSE 
BE0194,P011120,X011120371,2,0.0000,HSS50.8X50.8X3.2,FALSE,FALSE,FALSE,FALSE,FALSE,FALSE,FALSE,FALSE,FALSE,FALSE,FALSE,FALSE,FALSE 
BR0148,P021119,X011120371,3,0.0000,HSS50.8X50.8X3.2,FALSE,FALSE,FALSE,FALSE,FALSE,FALSE,FALSE,FALSE,FALSE,FALSE,FALSE,FALSE,FALSE 
BE0195,P011120,X011120373,2,0.0000,HSS50.8X50.8X3.2,FALSE,FALSE,FALSE,FALSE,FALSE,FALSE,FALSE,FALSE,FALSE,FALSE,FALSE,FALSE,FALSE 
BR0149,P011221,X011120373,3,0.0000,HSS50.8X50.8X3.2,FALSE,FALSE,FALSE,FALSE,FALSE,FALSE,FALSE,FALSE,FALSE,FALSE,FALSE,FALSE,FALSE 
BE0196,P011120,X011120375,2,0.0000,HSS50.8X50.8X3.2,FALSE,FALSE,FALSE,FALSE,FALSE,FALSE,FALSE,FALSE,FALSE,FALSE,FALSE,FALSE,FALSE 
BR0150,P011219,X011120375,3,0.0000,HSS50.8X50.8X3.2,FALSE,FALSE,FALSE,FALSE,FALSE,FALSE,FALSE,FALSE,FALSE,FALSE,FALSE,FALSE,FALSE 
CO0032,P011121,P021121,1,93.0000,HSS50.8X50.8X3.2,FALSE,FALSE,FALSE,FALSE,FALSE,FALSE,FALSE,FALSE,FALSE,FALSE,FALSE,FALSE,FALSE 
BE0197,P011121,P011221,2,0.0000,HSS50.8X50.8X3.2,FALSE,FALSE,FALSE,FALSE,FALSE,FALSE,FALSE,FALSE,FALSE,FALSE,FALSE,FALSE,FALSE 
BE0198,P011121,P011122,2,0.0000,HSS50.8X50.8X3.2,FALSE,FALSE,FALSE,FALSE,FALSE,FALSE,FALSE,FALSE,FALSE,FALSE,FALSE,FALSE,FALSE 
BE0199,P011121,X011121380,2,0.0000,HSS50.8X50.8X3.2,FALSE,FALSE,FALSE,FALSE,FALSE,FALSE,FALSE,FALSE,FALSE,FALSE,FALSE,FALSE,FALSE 
BR0151,P021221,X011121380,3,0.0000,HSS50.8X50.8X3.2,FALSE,FALSE,FALSE,FALSE,FALSE,FALSE,FALSE,FALSE,FALSE,FALSE,FALSE,FALSE,FALSE 
BE0200,P011121,X011121382,2,0.0000,HSS50.8X50.8X3.2,FALSE,FALSE,FALSE,FALSE,FALSE,FALSE,FALSE,FALSE,FALSE,FALSE,FALSE,FALSE,FALSE 
BR0152,P021122,X011121382,3,0.0000,HSS50.8X50.8X3.2,FALSE,FALSE,FALSE,FALSE,FALSE,FALSE,FALSE,FALSE,FALSE,FALSE,FALSE,FALSE,FALSE 
BE0201,P011121,X011121384,2,0.0000,HSS50.8X50.8X3.2,FALSE,FALSE,FALSE,FALSE,FALSE,FALSE,FALSE,FALSE,FALSE,FALSE,FALSE,FALSE,FALSE 
BR0153,P021120,X011121384,3,0.0000,HSS50.8X50.8X3.2,FALSE,FALSE,FALSE,FALSE,FALSE,FALSE,FALSE,FALSE,FALSE,FALSE,FALSE,FALSE,FALSE 
BE0202,P011121,X011121386,2,0.0000,HSS50.8X50.8X3.2,FALSE,FALSE,FALSE,FALSE,FALSE,FALSE,FALSE,FALSE,FALSE,FALSE,FALSE,FALSE,FALSE 
BR0154,P011222,X011121386,3,0.0000,HSS50.8X50.8X3.2,FALSE,FALSE,FALSE,FALSE,FALSE,FALSE,FALSE,FALSE,FALSE,FALSE,FALSE,FALSE,FALSE 
BE0203,P011121,X011121388,2,0.0000,HSS50.8X50.8X3.2,FALSE,FALSE,FALSE,FALSE,FALSE,FALSE,FALSE,FALSE,FALSE,FALSE,FALSE,FALSE,FALSE 
BR0155,P011220,X011121388,3,0.0000,HSS50.8X50.8X3.2,FALSE,FALSE,FALSE,FALSE,FALSE,FALSE,FALSE,FALSE,FALSE,FALSE,FALSE,FALSE,FALSE 
CO0033,P011122,P021122,1,93.0000,HSS50.8X50.8X3.2,FALSE,FALSE,FALSE,FALSE,FALSE,FALSE,FALSE,FALSE,FALSE,FALSE,FALSE,FALSE,FALSE 
BE0204,P011122,P011222,2,0.0000,HSS50.8X50.8X3.2,FALSE,FALSE,FALSE,FALSE,FALSE,FALSE,FALSE,FALSE,FALSE,FALSE,FALSE,FALSE,FALSE 
BE0205,P011122,P011123,2,0.0000,HSS50.8X50.8X3.2,FALSE,FALSE,FALSE,FALSE,FALSE,FALSE,FALSE,FALSE,FALSE,FALSE,FALSE,FALSE,FALSE 
BE0206,P011122,X011122393,2,0.0000,HSS50.8X50.8X3.2,FALSE,FALSE,FALSE,FALSE,FALSE,FALSE,FALSE,FALSE,FALSE,FALSE,FALSE,FALSE,FALSE 
BR0156,P021222,X011122393,3,0.0000,HSS50.8X50.8X3.2,FALSE,FALSE,FALSE,FALSE,FALSE,FALSE,FALSE,FALSE,FALSE,FALSE,FALSE,FALSE,FALSE 
BE0207,P011122,X011122395,2,0.0000,HSS50.8X50.8X3.2,FALSE,FALSE,FALSE,FALSE,FALSE,FALSE,FALSE,FALSE,FALSE,FALSE,FALSE,FALSE,FALSE 
BR0157,P021123,X011122395,3,0.0000,HSS50.8X50.8X3.2,FALSE,FALSE,FALSE,FALSE,FALSE,FALSE,FALSE,FALSE,FALSE,FALSE,FALSE,FALSE,FALSE 
BE0208,P011122,X011122397,2,0.0000,HSS50.8X50.8X3.2,FALSE,FALSE,FALSE,FALSE,FALSE,FALSE,FALSE,FALSE,FALSE,FALSE,FALSE,FALSE,FALSE 
BR0158,P021121,X011122397,3,0.0000,HSS50.8X50.8X3.2,FALSE,FALSE,FALSE,FALSE,FALSE,FALSE,FALSE,FALSE,FALSE,FALSE,FALSE,FALSE,FALSE 
BE0209,P011122,X011122399,2,0.0000,HSS50.8X50.8X3.2,FALSE,FALSE,FALSE,FALSE,FALSE,FALSE,FALSE,FALSE,FALSE,FALSE,FALSE,FALSE,FALSE 
BR0159,P011223,X011122399,3,0.0000,HSS50.8X50.8X3.2,FALSE,FALSE,FALSE,FALSE,FALSE,FALSE,FALSE,FALSE,FALSE,FALSE,FALSE,FALSE,FALSE 
BE0210,P011122,X011122401,2,0.0000,HSS50.8X50.8X3.2,FALSE,FALSE,FALSE,FALSE,FALSE,FALSE,FALSE,FALSE,FALSE,FALSE,FALSE,FALSE,FALSE 
BR0160,P011221,X011122401,3,0.0000,HSS50.8X50.8X3.2,FALSE,FALSE,FALSE,FALSE,FALSE,FALSE,FALSE,FALSE,FALSE,FALSE,FALSE,FALSE,FALSE 
CO0034,P011123,P021123,1,93.0000,HSS50.8X50.8X3.2,FALSE,FALSE,FALSE,FALSE,FALSE,FALSE,FALSE,FALSE,FALSE,FALSE,FALSE,FALSE,FALSE 
BE0211,P011123,P011223,2,0.0000,HSS50.8X50.8X3.2,FALSE,FALSE,FALSE,FALSE,FALSE,FALSE,FALSE,FALSE,FALSE,FALSE,FALSE,FALSE,FALSE 
BE0212,P011123,P011124,2,0.0000,HSS50.8X50.8X3.2,FALSE,FALSE,FALSE,FALSE,FALSE,FALSE,FALSE,FALSE,FALSE,FALSE,FALSE,FALSE,FALSE 
BE0213,P011123,X011123406,2,0.0000,HSS50.8X50.8X3.2,FALSE,FALSE,FALSE,FALSE,FALSE,FALSE,FALSE,FALSE,FALSE,FALSE,FALSE,FALSE,FALSE 
BR0161,P021223,X011123406,3,0.0000,HSS50.8X50.8X3.2,FALSE,FALSE,FALSE,FALSE,FALSE,FALSE,FALSE,FALSE,FALSE,FALSE,FALSE,FALSE,FALSE 
BE0214,P011123,X011123408,2,0.0000,HSS50.8X50.8X3.2,FALSE,FALSE,FALSE,FALSE,FALSE,FALSE,FALSE,FALSE,FALSE,FALSE,FALSE,FALSE,FALSE 
BR0162,P021122,X011123408,3,0.0000,HSS50.8X50.8X3.2,FALSE,FALSE,FALSE,FALSE,FALSE,FALSE,FALSE,FALSE,FALSE,FALSE,FALSE,FALSE,FALSE 
BE0215,P011123,X011123410,2,0.0000,HSS50.8X50.8X3.2,FALSE,FALSE,FALSE,FALSE,FALSE,FALSE,FALSE,FALSE,FALSE,FALSE,FALSE,FALSE,FALSE 
BR0163,P011224,X011123410,3,0.0000,HSS50.8X50.8X3.2,FALSE,FALSE,FALSE,FALSE,FALSE,FALSE,FALSE,FALSE,FALSE,FALSE,FALSE,FALSE,FALSE 
BE0216,P011123,X011123412,2,0.0000,HSS50.8X50.8X3.2,FALSE,FALSE,FALSE,FALSE,FALSE,FALSE,FALSE,FALSE,FALSE,FALSE,FALSE,FALSE,FALSE 
BR0164,P011222,X011123412,3,0.0000,HSS50.8X50.8X3.2,FALSE,FALSE,FALSE,FALSE,FALSE,FALSE,FALSE,FALSE,FALSE,FALSE,FALSE,FALSE,FALSE 
BE0217,P011124,P011224,2,0.0000,HSS50.8X50.8X3.2,FALSE,FALSE,FALSE,FALSE,FALSE,FALSE,FALSE,FALSE,FALSE,FALSE,FALSE,FALSE,FALSE 
BE0218,P011124,X011124415,2,0.0000,HSS50.8X50.8X3.2,FALSE,FALSE,FALSE,FALSE,FALSE,FALSE,FALSE,FALSE,FALSE,FALSE,FALSE,FALSE,FALSE 
BR0165,P021123,X011124415,3,0.0000,HSS50.8X50.8X3.2,FALSE,FALSE,FALSE,FALSE,FALSE,FALSE,FALSE,FALSE,FALSE,FALSE,FALSE,FALSE,FALSE 
BE0219,P011124,X011124417,2,0.0000,HSS50.8X50.8X3.2,FALSE,FALSE,FALSE,FALSE,FALSE,FALSE,FALSE,FALSE,FALSE,FALSE,FALSE,FALSE,FALSE 
BR0166,P011225,X011124417,3,0.0000,HSS50.8X50.8X3.2,FALSE,FALSE,FALSE,FALSE,FALSE,FALSE,FALSE,FALSE,FALSE,FALSE,FALSE,FALSE,FALSE 
BE0220,P011124,X011124419,2,0.0000,HSS50.8X50.8X3.2,FALSE,FALSE,FALSE,FALSE,FALSE,FALSE,FALSE,FALSE,FALSE,FALSE,FALSE,FALSE,FALSE 
BR0167,P011223,X011124419,3,0.0000,HSS50.8X50.8X3.2,FALSE,FALSE,FALSE,FALSE,FALSE,FALSE,FALSE,FALSE,FALSE,FALSE,FALSE,FALSE,FALSE 
BE0221,P011217,P011218,2,0.0000,HSS50.8X50.8X3.2,FALSE,FALSE,FALSE,FALSE,FALSE,FALSE,FALSE,FALSE,FALSE,FALSE,FALSE,FALSE,FALSE 
BE0222,P011217,X011217422,2,0.0000,HSS50.8X50.8X3.2,FALSE,FALSE,FALSE,FALSE,FALSE,FALSE,FALSE,FALSE,FALSE,FALSE,FALSE,FALSE,FALSE 
BR0168,P021218,X011217422,3,0.0000,HSS50.8X50.8X3.2,FALSE,FALSE,FALSE,FALSE,FALSE,FALSE,FALSE,FALSE,FALSE,FALSE,FALSE,FALSE,FALSE 
BE0223,P011217,X011217424,2,0.0000,HSS50.8X50.8X3.2,FALSE,FALSE,FALSE,FALSE,FALSE,FALSE,FALSE,FALSE,FALSE,FALSE,FALSE,FALSE,FALSE 
BR0169,P021117,X011217424,3,0.0000,HSS50.8X50.8X3.2,FALSE,FALSE,FALSE,FALSE,FALSE,FALSE,FALSE,FALSE,FALSE,FALSE,FALSE,FALSE,FALSE 
BE0224,P011217,X011217426,2,0.0000,HSS50.8X50.8X3.2,FALSE,FALSE,FALSE,FALSE,FALSE,FALSE,FALSE,FALSE,FALSE,FALSE,FALSE,FALSE,FALSE 
BR0170,P011118,X011217426,3,0.0000,HSS50.8X50.8X3.2,FALSE,FALSE,FALSE,FALSE,FALSE,FALSE,FALSE,FALSE,FALSE,FALSE,FALSE,FALSE,FALSE 
BE0225,P011217,X011217428,2,0.0000,HSS50.8X50.8X3.2,FALSE,FALSE,FALSE,FALSE,FALSE,FALSE,FALSE,FALSE,FALSE,FALSE,FALSE,FALSE,FALSE 
BR0171,P011116,X011217428,3,0.0000,HSS50.8X50.8X3.2,FALSE,FALSE,FALSE,FALSE,FALSE,FALSE,FALSE,FALSE,FALSE,FALSE,FALSE,FALSE,FALSE 
CO0035,P011218,P021218,1,93.0000,HSS50.8X50.8X3.2,FALSE,FALSE,FALSE,FALSE,FALSE,FALSE,FALSE,FALSE,FALSE,FALSE,FALSE,FALSE,FALSE 
BE0226,P011218,P011219,2,0.0000,HSS50.8X50.8X3.2,FALSE,FALSE,FALSE,FALSE,FALSE,FALSE,FALSE,FALSE,FALSE,FALSE,FALSE,FALSE,FALSE 
BE0227,P011218,X011218432,2,0.0000,HSS50.8X50.8X3.2,FALSE,FALSE,FALSE,FALSE,FALSE,FALSE,FALSE,FALSE,FALSE,FALSE,FALSE,FALSE,FALSE 
BR0172,P021219,X011218432,3,0.0000,HSS50.8X50.8X3.2,FALSE,FALSE,FALSE,FALSE,FALSE,FALSE,FALSE,FALSE,FALSE,FALSE,FALSE,FALSE,FALSE 
BE0228,P011218,X011218434,2,0.0000,HSS50.8X50.8X3.2,FALSE,FALSE,FALSE,FALSE,FALSE,FALSE,FALSE,FALSE,FALSE,FALSE,FALSE,FALSE,FALSE 
BR0173,P021118,X011218434,3,0.0000,HSS50.8X50.8X3.2,FALSE,FALSE,FALSE,FALSE,FALSE,FALSE,FALSE,FALSE,FALSE,FALSE,FALSE,FALSE,FALSE 
BE0229,P011218,X011218436,2,0.0000,HSS50.8X50.8X3.2,FALSE,FALSE,FALSE,FALSE,FALSE,FALSE,FALSE,FALSE,FALSE,FALSE,FALSE,FALSE,FALSE 
BR0174,P011319,X011218436,3,0.0000,HSS50.8X50.8X3.2,FALSE,FALSE,FALSE,FALSE,FALSE,FALSE,FALSE,FALSE,FALSE,FALSE,FALSE,FALSE,FALSE 
BE0230,P011218,X011218438,2,0.0000,HSS50.8X50.8X3.2,FALSE,FALSE,FALSE,FALSE,FALSE,FALSE,FALSE,FALSE,FALSE,FALSE,FALSE,FALSE,FALSE 
BR0175,P011119,X011218438,3,0.0000,HSS50.8X50.8X3.2,FALSE,FALSE,FALSE,FALSE,FALSE,FALSE,FALSE,FALSE,FALSE,FALSE,FALSE,FALSE,FALSE 
BE0231,P011218,X011218440,2,0.0000,HSS50.8X50.8X3.2,FALSE,FALSE,FALSE,FALSE,FALSE,FALSE,FALSE,FALSE,FALSE,FALSE,FALSE,FALSE,FALSE 
BR0176,P011117,X011218440,3,0.0000,HSS50.8X50.8X3.2,FALSE,FALSE,FALSE,FALSE,FALSE,FALSE,FALSE,FALSE,FALSE,FALSE,FALSE,FALSE,FALSE 
CO0036,P011219,P021219,1,93.0000,HSS50.8X50.8X3.2,FALSE,FALSE,FALSE,FALSE,FALSE,FALSE,FALSE,FALSE,FALSE,FALSE,FALSE,FALSE,FALSE 
BE0232,P011219,P011319,2,0.0000,HSS50.8X50.8X3.2,FALSE,FALSE,FALSE,FALSE,FALSE,FALSE,FALSE,FALSE,FALSE,FALSE,FALSE,FALSE,FALSE 
BE0233,P011219,P011220,2,0.0000,HSS50.8X50.8X3.2,FALSE,FALSE,FALSE,FALSE,FALSE,FALSE,FALSE,FALSE,FALSE,FALSE,FALSE,FALSE,FALSE 
BE0234,P011219,X011219445,2,0.0000,HSS50.8X50.8X3.2,FALSE,FALSE,FALSE,FALSE,FALSE,FALSE,FALSE,FALSE,FALSE,FALSE,FALSE,FALSE,FALSE 
BR0177,P021220,X011219445,3,0.0000,HSS50.8X50.8X3.2,FALSE,FALSE,FALSE,FALSE,FALSE,FALSE,FALSE,FALSE,FALSE,FALSE,FALSE,FALSE,FALSE 
BE0235,P011219,X011219447,2,0.0000,HSS50.8X50.8X3.2,FALSE,FALSE,FALSE,FALSE,FALSE,FALSE,FALSE,FALSE,FALSE,FALSE,FALSE,FALSE,FALSE 
BR0178,P021218,X011219447,3,0.0000,HSS50.8X50.8X3.2,FALSE,FALSE,FALSE,FALSE,FALSE,FALSE,FALSE,FALSE,FALSE,FALSE,FALSE,FALSE,FALSE 
BE0236,P011219,X011219449,2,0.0000,HSS50.8X50.8X3.2,FALSE,FALSE,FALSE,FALSE,FALSE,FALSE,FALSE,FALSE,FALSE,FALSE,FALSE,FALSE,FALSE 
BR0179,P021119,X011219449,3,0.0000,HSS50.8X50.8X3.2,FALSE,FALSE,FALSE,FALSE,FALSE,FALSE,FALSE,FALSE,FALSE,FALSE,FALSE,FALSE,FALSE 
BE0237,P011219,X011219451,2,0.0000,HSS50.8X50.8X3.2,FALSE,FALSE,FALSE,FALSE,FALSE,FALSE,FALSE,FALSE,FALSE,FALSE,FALSE,FALSE,FALSE 
BR0180,P011320,X011219451,3,0.0000,HSS50.8X50.8X3.2,FALSE,FALSE,FALSE,FALSE,FALSE,FALSE,FALSE,FALSE,FALSE,FALSE,FALSE,FALSE,FALSE 
BE0238,P011219,X011219453,2,0.0000,HSS50.8X50.8X3.2,FALSE,FALSE,FALSE,FALSE,FALSE,FALSE,FALSE,FALSE,FALSE,FALSE,FALSE,FALSE,FALSE 
BR0181,P011120,X011219453,3,0.0000,HSS50.8X50.8X3.2,FALSE,FALSE,FALSE,FALSE,FALSE,FALSE,FALSE,FALSE,FALSE,FALSE,FALSE,FALSE,FALSE 
BE0239,P011219,X011219455,2,0.0000,HSS50.8X50.8X3.2,FALSE,FALSE,FALSE,FALSE,FALSE,FALSE,FALSE,FALSE,FALSE,FALSE,FALSE,FALSE,FALSE 
BR0182,P011118,X011219455,3,0.0000,HSS50.8X50.8X3.2,FALSE,FALSE,FALSE,FALSE,FALSE,FALSE,FALSE,FALSE,FALSE,FALSE,FALSE,FALSE,FALSE 
CO0037,P011220,P021220,1,93.0000,HSS50.8X50.8X3.2,FALSE,FALSE,FALSE,FALSE,FALSE,FALSE,FALSE,FALSE,FALSE,FALSE,FALSE,FALSE,FALSE 
BE0240,P011220,P011320,2,0.0000,HSS50.8X50.8X3.2,FALSE,FALSE,FALSE,FALSE,FALSE,FALSE,FALSE,FALSE,FALSE,FALSE,FALSE,FALSE,FALSE 
BE0241,P011220,P011221,2,0.0000,HSS50.8X50.8X3.2,FALSE,FALSE,FALSE,FALSE,FALSE,FALSE,FALSE,FALSE,FALSE,FALSE,FALSE,FALSE,FALSE 
BE0242,P011220,X011220460,2,0.0000,HSS50.8X50.8X3.2,FALSE,FALSE,FALSE,FALSE,FALSE,FALSE,FALSE,FALSE,FALSE,FALSE,FALSE,FALSE,FALSE 
BR0183,P021221,X011220460,3,0.0000,HSS50.8X50.8X3.2,FALSE,FALSE,FALSE,FALSE,FALSE,FALSE,FALSE,FALSE,FALSE,FALSE,FALSE,FALSE,FALSE 
BE0243,P011220,X011220462,2,0.0000,HSS50.8X50.8X3.2,FALSE,FALSE,FALSE,FALSE,FALSE,FALSE,FALSE,FALSE,FALSE,FALSE,FALSE,FALSE,FALSE 
BR0184,P021219,X011220462,3,0.0000,HSS50.8X50.8X3.2,FALSE,FALSE,FALSE,FALSE,FALSE,FALSE,FALSE,FALSE,FALSE,FALSE,FALSE,FALSE,FALSE 
BE0244,P011220,X011220464,2,0.0000,HSS50.8X50.8X3.2,FALSE,FALSE,FALSE,FALSE,FALSE,FALSE,FALSE,FALSE,FALSE,FALSE,FALSE,FALSE,FALSE 
BR0185,P021120,X011220464,3,0.0000,HSS50.8X50.8X3.2,FALSE,FALSE,FALSE,FALSE,FALSE,FALSE,FALSE,FALSE,FALSE,FALSE,FALSE,FALSE,FALSE 
BE0245,P011220,X011220466,2,0.0000,HSS50.8X50.8X3.2,FALSE,FALSE,FALSE,FALSE,FALSE,FALSE,FALSE,FALSE,FALSE,FALSE,FALSE,FALSE,FALSE 
BR0186,P011321,X011220466,3,0.0000,HSS50.8X50.8X3.2,FALSE,FALSE,FALSE,FALSE,FALSE,FALSE,FALSE,FALSE,FALSE,FALSE,FALSE,FALSE,FALSE 
BE0246,P011220,X011220468,2,0.0000,HSS50.8X50.8X3.2,FALSE,FALSE,FALSE,FALSE,FALSE,FALSE,FALSE,FALSE,FALSE,FALSE,FALSE,FALSE,FALSE 
BR0187,P011319,X011220468,3,0.0000,HSS50.8X50.8X3.2,FALSE,FALSE,FALSE,FALSE,FALSE,FALSE,FALSE,FALSE,FALSE,FALSE,FALSE,FALSE,FALSE 
BE0247,P011220,X011220470,2,0.0000,HSS50.8X50.8X3.2,FALSE,FALSE,FALSE,FALSE,FALSE,FALSE,FALSE,FALSE,FALSE,FALSE,FALSE,FALSE,FALSE 
BR0188,P011121,X011220470,3,0.0000,HSS50.8X50.8X3.2,FALSE,FALSE,FALSE,FALSE,FALSE,FALSE,FALSE,FALSE,FALSE,FALSE,FALSE,FALSE,FALSE 
BE0248,P011220,X011220472,2,0.0000,HSS50.8X50.8X3.2,FALSE,FALSE,FALSE,FALSE,FALSE,FALSE,FALSE,FALSE,FALSE,FALSE,FALSE,FALSE,FALSE 
BR0189,P011119,X011220472,3,0.0000,HSS50.8X50.8X3.2,FALSE,FALSE,FALSE,FALSE,FALSE,FALSE,FALSE,FALSE,FALSE,FALSE,FALSE,FALSE,FALSE 
CO0038,P011221,P021221,1,93.0000,HSS50.8X50.8X3.2,FALSE,FALSE,FALSE,FALSE,FALSE,FALSE,FALSE,FALSE,FALSE,FALSE,FALSE,FALSE,FALSE 
BE0249,P011221,P011321,2,0.0000,HSS50.8X50.8X3.2,FALSE,FALSE,FALSE,FALSE,FALSE,FALSE,FALSE,FALSE,FALSE,FALSE,FALSE,FALSE,FALSE 
BE0250,P011221,P011222,2,0.0000,HSS50.8X50.8X3.2,FALSE,FALSE,FALSE,FALSE,FALSE,FALSE,FALSE,FALSE,FALSE,FALSE,FALSE,FALSE,FALSE 
BE0251,P011221,X011221477,2,0.0000,HSS50.8X50.8X3.2,FALSE,FALSE,FALSE,FALSE,FALSE,FALSE,FALSE,FALSE,FALSE,FALSE,FALSE,FALSE,FALSE 
BR0190,P021321,X011221477,3,0.0000,HSS50.8X50.8X3.2,FALSE,FALSE,FALSE,FALSE,FALSE,FALSE,FALSE,FALSE,FALSE,FALSE,FALSE,FALSE,FALSE 
BE0252,P011221,X011221479,2,0.0000,HSS50.8X50.8X3.2,FALSE,FALSE,FALSE,FALSE,FALSE,FALSE,FALSE,FALSE,FALSE,FALSE,FALSE,FALSE,FALSE 
BR0191,P021222,X011221479,3,0.0000,HSS50.8X50.8X3.2,FALSE,FALSE,FALSE,FALSE,FALSE,FALSE,FALSE,FALSE,FALSE,FALSE,FALSE,FALSE,FALSE 
BE0253,P011221,X011221481,2,0.0000,HSS50.8X50.8X3.2,FALSE,FALSE,FALSE,FALSE,FALSE,FALSE,FALSE,FALSE,FALSE,FALSE,FALSE,FALSE,FALSE 
BR0192,P021220,X011221481,3,0.0000,HSS50.8X50.8X3.2,FALSE,FALSE,FALSE,FALSE,FALSE,FALSE,FALSE,FALSE,FALSE,FALSE,FALSE,FALSE,FALSE 
BE0254,P011221,X011221483,2,0.0000,HSS50.8X50.8X3.2,FALSE,FALSE,FALSE,FALSE,FALSE,FALSE,FALSE,FALSE,FALSE,FALSE,FALSE,FALSE,FALSE 
BR0193,P021121,X011221483,3,0.0000,HSS50.8X50.8X3.2,FALSE,FALSE,FALSE,FALSE,FALSE,FALSE,FALSE,FALSE,FALSE,FALSE,FALSE,FALSE,FALSE 
BE0255,P011221,X011221485,2,0.0000,HSS50.8X50.8X3.2,FALSE,FALSE,FALSE,FALSE,FALSE,FALSE,FALSE,FALSE,FALSE,FALSE,FALSE,FALSE,FALSE 
BR0194,P011322,X011221485,3,0.0000,HSS50.8X50.8X3.2,FALSE,FALSE,FALSE,FALSE,FALSE,FALSE,FALSE,FALSE,FALSE,FALSE,FALSE,FALSE,FALSE 
BE0256,P011221,X011221487,2,0.0000,HSS50.8X50.8X3.2,FALSE,FALSE,FALSE,FALSE,FALSE,FALSE,FALSE,FALSE,FALSE,FALSE,FALSE,FALSE,FALSE 
BR0195,P011320,X011221487,3,0.0000,HSS50.8X50.8X3.2,FALSE,FALSE,FALSE,FALSE,FALSE,FALSE,FALSE,FALSE,FALSE,FALSE,FALSE,FALSE,FALSE 
BE0257,P011221,X011221489,2,0.0000,HSS50.8X50.8X3.2,FALSE,FALSE,FALSE,FALSE,FALSE,FALSE,FALSE,FALSE,FALSE,FALSE,FALSE,FALSE,FALSE 
BR0196,P011122,X011221489,3,0.0000,HSS50.8X50.8X3.2,FALSE,FALSE,FALSE,FALSE,FALSE,FALSE,FALSE,FALSE,FALSE,FALSE,FALSE,FALSE,FALSE 
BE0258,P011221,X011221491,2,0.0000,HSS50.8X50.8X3.2,FALSE,FALSE,FALSE,FALSE,FALSE,FALSE,FALSE,FALSE,FALSE,FALSE,FALSE,FALSE,FALSE 
BR0197,P011120,X011221491,3,0.0000,HSS50.8X50.8X3.2,FALSE,FALSE,FALSE,FALSE,FALSE,FALSE,FALSE,FALSE,FALSE,FALSE,FALSE,FALSE,FALSE 
CO0039,P011222,P021222,1,93.0000,HSS50.8X50.8X3.2,FALSE,FALSE,FALSE,FALSE,FALSE,FALSE,FALSE,FALSE,FALSE,FALSE,FALSE,FALSE,FALSE 
BE0259,P011222,P011322,2,0.0000,HSS50.8X50.8X3.2,FALSE,FALSE,FALSE,FALSE,FALSE,FALSE,FALSE,FALSE,FALSE,FALSE,FALSE,FALSE,FALSE 
BE0260,P011222,P011223,2,0.0000,HSS50.8X50.8X3.2,FALSE,FALSE,FALSE,FALSE,FALSE,FALSE,FALSE,FALSE,FALSE,FALSE,FALSE,FALSE,FALSE 
BE0261,P011222,X011222496,2,0.0000,HSS50.8X50.8X3.2,FALSE,FALSE,FALSE,FALSE,FALSE,FALSE,FALSE,FALSE,FALSE,FALSE,FALSE,FALSE,FALSE 
BR0198,P021322,X011222496,3,0.0000,HSS50.8X50.8X3.2,FALSE,FALSE,FALSE,FALSE,FALSE,FALSE,FALSE,FALSE,FALSE,FALSE,FALSE,FALSE,FALSE 
BE0262,P011222,X011222498,2,0.0000,HSS50.8X50.8X3.2,FALSE,FALSE,FALSE,FALSE,FALSE,FALSE,FALSE,FALSE,FALSE,FALSE,FALSE,FALSE,FALSE 
BR0199,P021223,X011222498,3,0.0000,HSS50.8X50.8X3.2,FALSE,FALSE,FALSE,FALSE,FALSE,FALSE,FALSE,FALSE,FALSE,FALSE,FALSE,FALSE,FALSE 
BE0263,P011222,X011222500,2,0.0000,HSS50.8X50.8X3.2,FALSE,FALSE,FALSE,FALSE,FALSE,FALSE,FALSE,FALSE,FALSE,FALSE,FALSE,FALSE,FALSE 
BR0200,P021221,X011222500,3,0.0000,HSS50.8X50.8X3.2,FALSE,FALSE,FALSE,FALSE,FALSE,FALSE,FALSE,FALSE,FALSE,FALSE,FALSE,FALSE,FALSE 
BE0264,P011222,X011222502,2,0.0000,HSS50.8X50.8X3.2,FALSE,FALSE,FALSE,FALSE,FALSE,FALSE,FALSE,FALSE,FALSE,FALSE,FALSE,FALSE,FALSE 
BR0201,P021122,X011222502,3,0.0000,HSS50.8X50.8X3.2,FALSE,FALSE,FALSE,FALSE,FALSE,FALSE,FALSE,FALSE,FALSE,FALSE,FALSE,FALSE,FALSE 
BE0265,P011222,X011222504,2,0.0000,HSS50.8X50.8X3.2,FALSE,FALSE,FALSE,FALSE,FALSE,FALSE,FALSE,FALSE,FALSE,FALSE,FALSE,FALSE,FALSE 
BR0202,P011323,X011222504,3,0.0000,HSS50.8X50.8X3.2,FALSE,FALSE,FALSE,FALSE,FALSE,FALSE,FALSE,FALSE,FALSE,FALSE,FALSE,FALSE,FALSE 
BE0266,P011222,X011222506,2,0.0000,HSS50.8X50.8X3.2,FALSE,FALSE,FALSE,FALSE,FALSE,FALSE,FALSE,FALSE,FALSE,FALSE,FALSE,FALSE,FALSE 
BR0203,P011321,X011222506,3,0.0000,HSS50.8X50.8X3.2,FALSE,FALSE,FALSE,FALSE,FALSE,FALSE,FALSE,FALSE,FALSE,FALSE,FALSE,FALSE,FALSE 
BE0267,P011222,X011222508,2,0.0000,HSS50.8X50.8X3.2,FALSE,FALSE,FALSE,FALSE,FALSE,FALSE,FALSE,FALSE,FALSE,FALSE,FALSE,FALSE,FALSE 
BR0204,P011123,X011222508,3,0.0000,HSS50.8X50.8X3.2,FALSE,FALSE,FALSE,FALSE,FALSE,FALSE,FALSE,FALSE,FALSE,FALSE,FALSE,FALSE,FALSE 
BE0268,P011222,X011222510,2,0.0000,HSS50.8X50.8X3.2,FALSE,FALSE,FALSE,FALSE,FALSE,FALSE,FALSE,FALSE,FALSE,FALSE,FALSE,FALSE,FALSE 
BR0205,P011121,X011222510,3,0.0000,HSS50.8X50.8X3.2,FALSE,FALSE,FALSE,FALSE,FALSE,FALSE,FALSE,FALSE,FALSE,FALSE,FALSE,FALSE,FALSE 
CO0040,P011223,P021223,1,93.0000,HSS50.8X50.8X3.2,FALSE,FALSE,FALSE,FALSE,FALSE,FALSE,FALSE,FALSE,FALSE,FALSE,FALSE,FALSE,FALSE 
BE0269,P011223,P011323,2,0.0000,HSS50.8X50.8X3.2,FALSE,FALSE,FALSE,FALSE,FALSE,FALSE,FALSE,FALSE,FALSE,FALSE,FALSE,FALSE,FALSE 
BE0270,P011223,P011224,2,0.0000,HSS50.8X50.8X3.2,FALSE,FALSE,FALSE,FALSE,FALSE,FALSE,FALSE,FALSE,FALSE,FALSE,FALSE,FALSE,FALSE 
BE0271,P011223,X011223515,2,0.0000,HSS50.8X50.8X3.2,FALSE,FALSE,FALSE,FALSE,FALSE,FALSE,FALSE,FALSE,FALSE,FALSE,FALSE,FALSE,FALSE 
BR0206,P021323,X011223515,3,0.0000,HSS50.8X50.8X3.2,FALSE,FALSE,FALSE,FALSE,FALSE,FALSE,FALSE,FALSE,FALSE,FALSE,FALSE,FALSE,FALSE 
BE0272,P011223,X011223517,2,0.0000,HSS50.8X50.8X3.2,FALSE,FALSE,FALSE,FALSE,FALSE,FALSE,FALSE,FALSE,FALSE,FALSE,FALSE,FALSE,FALSE 
BR0207,P021222,X011223517,3,0.0000,HSS50.8X50.8X3.2,FALSE,FALSE,FALSE,FALSE,FALSE,FALSE,FALSE,FALSE,FALSE,FALSE,FALSE,FALSE,FALSE 
BE0273,P011223,X011223519,2,0.0000,HSS50.8X50.8X3.2,FALSE,FALSE,FALSE,FALSE,FALSE,FALSE,FALSE,FALSE,FALSE,FALSE,FALSE,FALSE,FALSE 
BR0208,P021123,X011223519,3,0.0000,HSS50.8X50.8X3.2,FALSE,FALSE,FALSE,FALSE,FALSE,FALSE,FALSE,FALSE,FALSE,FALSE,FALSE,FALSE,FALSE 
BE0274,P011223,X011223521,2,0.0000,HSS50.8X50.8X3.2,FALSE,FALSE,FALSE,FALSE,FALSE,FALSE,FALSE,FALSE,FALSE,FALSE,FALSE,FALSE,FALSE 
BR0209,P011324,X011223521,3,0.0000,HSS50.8X50.8X3.2,FALSE,FALSE,FALSE,FALSE,FALSE,FALSE,FALSE,FALSE,FALSE,FALSE,FALSE,FALSE,FALSE 
BE0275,P011223,X011223523,2,0.0000,HSS50.8X50.8X3.2,FALSE,FALSE,FALSE,FALSE,FALSE,FALSE,FALSE,FALSE,FALSE,FALSE,FALSE,FALSE,FALSE 
BR0210,P011322,X011223523,3,0.0000,HSS50.8X50.8X3.2,FALSE,FALSE,FALSE,FALSE,FALSE,FALSE,FALSE,FALSE,FALSE,FALSE,FALSE,FALSE,FALSE 
BE0276,P011223,X011223525,2,0.0000,HSS50.8X50.8X3.2,FALSE,FALSE,FALSE,FALSE,FALSE,FALSE,FALSE,FALSE,FALSE,FALSE,FALSE,FALSE,FALSE 
BR0211,P011124,X011223525,3,0.0000,HSS50.8X50.8X3.2,FALSE,FALSE,FALSE,FALSE,FALSE,FALSE,FALSE,FALSE,FALSE,FALSE,FALSE,FALSE,FALSE 
BE0277,P011223,X011223527,2,0.0000,HSS50.8X50.8X3.2,FALSE,FALSE,FALSE,FALSE,FALSE,FALSE,FALSE,FALSE,FALSE,FALSE,FALSE,FALSE,FALSE 
BR0212,P011122,X011223527,3,0.0000,HSS50.8X50.8X3.2,FALSE,FALSE,FALSE,FALSE,FALSE,FALSE,FALSE,FALSE,FALSE,FALSE,FALSE,FALSE,FALSE 
BE0278,P011224,P011324,2,0.0000,HSS50.8X50.8X3.2,FALSE,FALSE,FALSE,FALSE,FALSE,FALSE,FALSE,FALSE,FALSE,FALSE,FALSE,FALSE,FALSE 
BE0279,P011224,P011225,2,0.0000,HSS50.8X50.8X3.2,FALSE,FALSE,FALSE,FALSE,FALSE,FALSE,FALSE,FALSE,FALSE,FALSE,FALSE,FALSE,FALSE 
BE0280,P011224,X011224531,2,0.0000,HSS50.8X50.8X3.2,FALSE,FALSE,FALSE,FALSE,FALSE,FALSE,FALSE,FALSE,FALSE,FALSE,FALSE,FALSE,FALSE 
BR0213,P021223,X011224531,3,0.0000,HSS50.8X50.8X3.2,FALSE,FALSE,FALSE,FALSE,FALSE,FALSE,FALSE,FALSE,FALSE,FALSE,FALSE,FALSE,FALSE 
BE0281,P011224,X011224533,2,0.0000,HSS50.8X50.8X3.2,FALSE,FALSE,FALSE,FALSE,FALSE,FALSE,FALSE,FALSE,FALSE,FALSE,FALSE,FALSE,FALSE 
BR0214,P011323,X011224533,3,0.0000,HSS50.8X50.8X3.2,FALSE,FALSE,FALSE,FALSE,FALSE,FALSE,FALSE,FALSE,FALSE,FALSE,FALSE,FALSE,FALSE 
BE0282,P011224,X011224535,2,0.0000,HSS50.8X50.8X3.2,FALSE,FALSE,FALSE,FALSE,FALSE,FALSE,FALSE,FALSE,FALSE,FALSE,FALSE,FALSE,FALSE 
BR0215,P011123,X011224535,3,0.0000,HSS50.8X50.8X3.2,FALSE,FALSE,FALSE,FALSE,FALSE,FALSE,FALSE,FALSE,FALSE,FALSE,FALSE,FALSE,FALSE 
BE0283,P011225,X011225537,2,0.0000,HSS50.8X50.8X3.2,FALSE,FALSE,FALSE,FALSE,FALSE,FALSE,FALSE,FALSE,FALSE,FALSE,FALSE,FALSE,FALSE 
BR0216,P011324,X011225537,3,0.0000,HSS50.8X50.8X3.2,FALSE,FALSE,FALSE,FALSE,FALSE,FALSE,FALSE,FALSE,FALSE,FALSE,FALSE,FALSE,FALSE 
BE0284,P011225,X011225539,2,0.0000,HSS50.8X50.8X3.2,FALSE,FALSE,FALSE,FALSE,FALSE,FALSE,FALSE,FALSE,FALSE,FALSE,FALSE,FALSE,FALSE 
BR0217,P011124,X011225539,3,0.0000,HSS50.8X50.8X3.2,FALSE,FALSE,FALSE,FALSE,FALSE,FALSE,FALSE,FALSE,FALSE,FALSE,FALSE,FALSE,FALSE 
BE0285,P011319,P011320,2,0.0000,HSS50.8X50.8X3.2,FALSE,FALSE,FALSE,FALSE,FALSE,FALSE,FALSE,FALSE,FALSE,FALSE,FALSE,FALSE,FALSE 
BE0286,P011319,X011319542,2,0.0000,HSS50.8X50.8X3.2,FALSE,FALSE,FALSE,FALSE,FALSE,FALSE,FALSE,FALSE,FALSE,FALSE,FALSE,FALSE,FALSE 
BR0218,P021219,X011319542,3,0.0000,HSS50.8X50.8X3.2,FALSE,FALSE,FALSE,FALSE,FALSE,FALSE,FALSE,FALSE,FALSE,FALSE,FALSE,FALSE,FALSE 
BE0287,P011319,X011319544,2,0.0000,HSS50.8X50.8X3.2,FALSE,FALSE,FALSE,FALSE,FALSE,FALSE,FALSE,FALSE,FALSE,FALSE,FALSE,FALSE,FALSE 
BR0219,P011220,X011319544,3,0.0000,HSS50.8X50.8X3.2,FALSE,FALSE,FALSE,FALSE,FALSE,FALSE,FALSE,FALSE,FALSE,FALSE,FALSE,FALSE,FALSE 
BE0288,P011319,X011319546,2,0.0000,HSS50.8X50.8X3.2,FALSE,FALSE,FALSE,FALSE,FALSE,FALSE,FALSE,FALSE,FALSE,FALSE,FALSE,FALSE,FALSE 
BR0220,P011218,X011319546,3,0.0000,HSS50.8X50.8X3.2,FALSE,FALSE,FALSE,FALSE,FALSE,FALSE,FALSE,FALSE,FALSE,FALSE,FALSE,FALSE,FALSE 
BE0289,P011320,P011321,2,0.0000,HSS50.8X50.8X3.2,FALSE,FALSE,FALSE,FALSE,FALSE,FALSE,FALSE,FALSE,FALSE,FALSE,FALSE,FALSE,FALSE 
BE0290,P011320,X011320549,2,0.0000,HSS50.8X50.8X3.2,FALSE,FALSE,FALSE,FALSE,FALSE,FALSE,FALSE,FALSE,FALSE,FALSE,FALSE,FALSE,FALSE 
BR0221,P021321,X011320549,3,0.0000,HSS50.8X50.8X3.2,FALSE,FALSE,FALSE,FALSE,FALSE,FALSE,FALSE,FALSE,FALSE,FALSE,FALSE,FALSE,FALSE 
BE0291,P011320,X011320551,2,0.0000,HSS50.8X50.8X3.2,FALSE,FALSE,FALSE,FALSE,FALSE,FALSE,FALSE,FALSE,FALSE,FALSE,FALSE,FALSE,FALSE 
BR0222,P021220,X011320551,3,0.0000,HSS50.8X50.8X3.2,FALSE,FALSE,FALSE,FALSE,FALSE,FALSE,FALSE,FALSE,FALSE,FALSE,FALSE,FALSE,FALSE 
BE0292,P011320,X011320553,2,0.0000,HSS50.8X50.8X3.2,FALSE,FALSE,FALSE,FALSE,FALSE,FALSE,FALSE,FALSE,FALSE,FALSE,FALSE,FALSE,FALSE 
BR0223,P011221,X011320553,3,0.0000,HSS50.8X50.8X3.2,FALSE,FALSE,FALSE,FALSE,FALSE,FALSE,FALSE,FALSE,FALSE,FALSE,FALSE,FALSE,FALSE 
BE0293,P011320,X011320555,2,0.0000,HSS50.8X50.8X3.2,FALSE,FALSE,FALSE,FALSE,FALSE,FALSE,FALSE,FALSE,FALSE,FALSE,FALSE,FALSE,FALSE 
BR0224,P011219,X011320555,3,0.0000,HSS50.8X50.8X3.2,FALSE,FALSE,FALSE,FALSE,FALSE,FALSE,FALSE,FALSE,FALSE,FALSE,FALSE,FALSE,FALSE 
CO0041,P011321,P021321,1,93.0000,HSS50.8X50.8X3.2,FALSE,FALSE,FALSE,FALSE,FALSE,FALSE,FALSE,FALSE,FALSE,FALSE,FALSE,FALSE,FALSE 
BE0294,P011321,P011322,2,0.0000,HSS50.8X50.8X3.2,FALSE,FALSE,FALSE,FALSE,FALSE,FALSE,FALSE,FALSE,FALSE,FALSE,FALSE,FALSE,FALSE 
BE0295,P011321,X011321559,2,0.0000,HSS50.8X50.8X3.2,FALSE,FALSE,FALSE,FALSE,FALSE,FALSE,FALSE,FALSE,FALSE,FALSE,FALSE,FALSE,FALSE 
BR0225,P021322,X011321559,3,0.0000,HSS50.8X50.8X3.2,FALSE,FALSE,FALSE,FALSE,FALSE,FALSE,FALSE,FALSE,FALSE,FALSE,FALSE,FALSE,FALSE 
BE0296,P011321,X011321561,2,0.0000,HSS50.8X50.8X3.2,FALSE,FALSE,FALSE,FALSE,FALSE,FALSE,FALSE,FALSE,FALSE,FALSE,FALSE,FALSE,FALSE 
BR0226,P021221,X011321561,3,0.0000,HSS50.8X50.8X3.2,FALSE,FALSE,FALSE,FALSE,FALSE,FALSE,FALSE,FALSE,FALSE,FALSE,FALSE,FALSE,FALSE 
BE0297,P011321,X011321563,2,0.0000,HSS50.8X50.8X3.2,FALSE,FALSE,FALSE,FALSE,FALSE,FALSE,FALSE,FALSE,FALSE,FALSE,FALSE,FALSE,FALSE 
BR0227,P011222,X011321563,3,0.0000,HSS50.8X50.8X3.2,FALSE,FALSE,FALSE,FALSE,FALSE,FALSE,FALSE,FALSE,FALSE,FALSE,FALSE,FALSE,FALSE 
BE0298,P011321,X011321565,2,0.0000,HSS50.8X50.8X3.2,FALSE,FALSE,FALSE,FALSE,FALSE,FALSE,FALSE,FALSE,FALSE,FALSE,FALSE,FALSE,FALSE 
BR0228,P011220,X011321565,3,0.0000,HSS50.8X50.8X3.2,FALSE,FALSE,FALSE,FALSE,FALSE,FALSE,FALSE,FALSE,FALSE,FALSE,FALSE,FALSE,FALSE 
CO0042,P011322,P021322,1,93.0000,HSS50.8X50.8X3.2,FALSE,FALSE,FALSE,FALSE,FALSE,FALSE,FALSE,FALSE,FALSE,FALSE,FALSE,FALSE,FALSE 
BE0299,P011322,P011323,2,0.0000,HSS50.8X50.8X3.2,FALSE,FALSE,FALSE,FALSE,FALSE,FALSE,FALSE,FALSE,FALSE,FALSE,FALSE,FALSE,FALSE 
BE0300,P011322,X011322569,2,0.0000,HSS50.8X50.8X3.2,FALSE,FALSE,FALSE,FALSE,FALSE,FALSE,FALSE,FALSE,FALSE,FALSE,FALSE,FALSE,FALSE 
BR0229,P021323,X011322569,3,0.0000,HSS50.8X50.8X3.2,FALSE,FALSE,FALSE,FALSE,FALSE,FALSE,FALSE,FALSE,FALSE,FALSE,FALSE,FALSE,FALSE 
BE0301,P011322,X011322571,2,0.0000,HSS50.8X50.8X3.2,FALSE,FALSE,FALSE,FALSE,FALSE,FALSE,FALSE,FALSE,FALSE,FALSE,FALSE,FALSE,FALSE 
BR0230,P021321,X011322571,3,0.0000,HSS50.8X50.8X3.2,FALSE,FALSE,FALSE,FALSE,FALSE,FALSE,FALSE,FALSE,FALSE,FALSE,FALSE,FALSE,FALSE 
BE0302,P011322,X011322573,2,0.0000,HSS50.8X50.8X3.2,FALSE,FALSE,FALSE,FALSE,FALSE,FALSE,FALSE,FALSE,FALSE,FALSE,FALSE,FALSE,FALSE 
BR0231,P021222,X011322573,3,0.0000,HSS50.8X50.8X3.2,FALSE,FALSE,FALSE,FALSE,FALSE,FALSE,FALSE,FALSE,FALSE,FALSE,FALSE,FALSE,FALSE 
BE0303,P011322,X011322575,2,0.0000,HSS50.8X50.8X3.2,FALSE,FALSE,FALSE,FALSE,FALSE,FALSE,FALSE,FALSE,FALSE,FALSE,FALSE,FALSE,FALSE 
BR0232,P011223,X011322575,3,0.0000,HSS50.8X50.8X3.2,FALSE,FALSE,FALSE,FALSE,FALSE,FALSE,FALSE,FALSE,FALSE,FALSE,FALSE,FALSE,FALSE 
BE0304,P011322,X011322577,2,0.0000,HSS50.8X50.8X3.2,FALSE,FALSE,FALSE,FALSE,FALSE,FALSE,FALSE,FALSE,FALSE,FALSE,FALSE,FALSE,FALSE 
BR0233,P011221,X011322577,3,0.0000,HSS50.8X50.8X3.2,FALSE,FALSE,FALSE,FALSE,FALSE,FALSE,FALSE,FALSE,FALSE,FALSE,FALSE,FALSE,FALSE 
CO0043,P011323,P021323,1,93.0000,HSS50.8X50.8X3.2,FALSE,FALSE,FALSE,FALSE,FALSE,FALSE,FALSE,FALSE,FALSE,FALSE,FALSE,FALSE,FALSE 
BE0305,P011323,P011324,2,0.0000,HSS50.8X50.8X3.2,FALSE,FALSE,FALSE,FALSE,FALSE,FALSE,FALSE,FALSE,FALSE,FALSE,FALSE,FALSE,FALSE 
BE0306,P011323,X011323581,2,0.0000,HSS50.8X50.8X3.2,FALSE,FALSE,FALSE,FALSE,FALSE,FALSE,FALSE,FALSE,FALSE,FALSE,FALSE,FALSE,FALSE 
BR0234,P021322,X011323581,3,0.0000,HSS50.8X50.8X3.2,FALSE,FALSE,FALSE,FALSE,FALSE,FALSE,FALSE,FALSE,FALSE,FALSE,FALSE,FALSE,FALSE 
BE0307,P011323,X011323583,2,0.0000,HSS50.8X50.8X3.2,FALSE,FALSE,FALSE,FALSE,FALSE,FALSE,FALSE,FALSE,FALSE,FALSE,FALSE,FALSE,FALSE 
BR0235,P021223,X011323583,3,0.0000,HSS50.8X50.8X3.2,FALSE,FALSE,FALSE,FALSE,FALSE,FALSE,FALSE,FALSE,FALSE,FALSE,FALSE,FALSE,FALSE 
BE0308,P011323,X011323585,2,0.0000,HSS50.8X50.8X3.2,FALSE,FALSE,FALSE,FALSE,FALSE,FALSE,FALSE,FALSE,FALSE,FALSE,FALSE,FALSE,FALSE 
BR0236,P011224,X011323585,3,0.0000,HSS50.8X50.8X3.2,FALSE,FALSE,FALSE,FALSE,FALSE,FALSE,FALSE,FALSE,FALSE,FALSE,FALSE,FALSE,FALSE 
BE0309,P011323,X011323587,2,0.0000,HSS50.8X50.8X3.2,FALSE,FALSE,FALSE,FALSE,FALSE,FALSE,FALSE,FALSE,FALSE,FALSE,FALSE,FALSE,FALSE 
BR0237,P011222,X011323587,3,0.0000,HSS50.8X50.8X3.2,FALSE,FALSE,FALSE,FALSE,FALSE,FALSE,FALSE,FALSE,FALSE,FALSE,FALSE,FALSE,FALSE 
BE0310,P011324,X011324589,2,0.0000,HSS50.8X50.8X3.2,FALSE,FALSE,FALSE,FALSE,FALSE,FALSE,FALSE,FALSE,FALSE,FALSE,FALSE,FALSE,FALSE 
BR0238,P021323,X011324589,3,0.0000,HSS50.8X50.8X3.2,FALSE,FALSE,FALSE,FALSE,FALSE,FALSE,FALSE,FALSE,FALSE,FALSE,FALSE,FALSE,FALSE 
BE0311,P011324,X011324591,2,0.0000,HSS50.8X50.8X3.2,FALSE,FALSE,FALSE,FALSE,FALSE,FALSE,FALSE,FALSE,FALSE,FALSE,FALSE,FALSE,FALSE 
BR0239,P011225,X011324591,3,0.0000,HSS50.8X50.8X3.2,FALSE,FALSE,FALSE,FALSE,FALSE,FALSE,FALSE,FALSE,FALSE,FALSE,FALSE,FALSE,FALSE 
BE0312,P011324,X011324593,2,0.0000,HSS50.8X50.8X3.2,FALSE,FALSE,FALSE,FALSE,FALSE,FALSE,FALSE,FALSE,FALSE,FALSE,FALSE,FALSE,FALSE 
BR0240,P011223,X011324593,3,0.0000,HSS50.8X50.8X3.2,FALSE,FALSE,FALSE,FALSE,FALSE,FALSE,FALSE,FALSE,FALSE,FALSE,FALSE,FALSE,FALSE 
BE0313,P021115,P021116,2,0.0000,HSS50.8X50.8X3.2,FALSE,FALSE,FALSE,FALSE,FALSE,FALSE,FALSE,FALSE,FALSE,FALSE,FALSE,FALSE,FALSE 
BE0314,P021116,P021117,2,0.0000,HSS50.8X50.8X3.2,FALSE,FALSE,FALSE,FALSE,FALSE,FALSE,FALSE,FALSE,FALSE,FALSE,FALSE,FALSE,FALSE 
BE0315,P021117,P021118,2,0.0000,HSS50.8X50.8X3.2,FALSE,FALSE,FALSE,FALSE,FALSE,FALSE,FALSE,FALSE,FALSE,FALSE,FALSE,FALSE,FALSE 
BE0316,P021117,X021117598,2,0.0000,HSS50.8X50.8X3.2,FALSE,FALSE,FALSE,FALSE,FALSE,FALSE,FALSE,FALSE,FALSE,FALSE,FALSE,FALSE,FALSE 
BR0241,P021218,X021117598,3,0.0000,HSS50.8X50.8X3.2,FALSE,FALSE,FALSE,FALSE,FALSE,FALSE,FALSE,FALSE,FALSE,FALSE,FALSE,FALSE,FALSE 
BE0317,P021118,P021218,2,0.0000,HSS50.8X50.8X3.2,FALSE,FALSE,FALSE,FALSE,FALSE,FALSE,FALSE,FALSE,FALSE,FALSE,FALSE,FALSE,FALSE 
BE0318,P021118,P021119,2,0.0000,HSS50.8X50.8X3.2,FALSE,FALSE,FALSE,FALSE,FALSE,FALSE,FALSE,FALSE,FALSE,FALSE,FALSE,FALSE,FALSE 
BE0319,P021118,X021118602,2,0.0000,HSS50.8X50.8X3.2,FALSE,FALSE,FALSE,FALSE,FALSE,FALSE,FALSE,FALSE,FALSE,FALSE,FALSE,FALSE,FALSE 
BR0242,P031119,X021118602,3,0.0000,HSS50.8X50.8X3.2,FALSE,FALSE,FALSE,FALSE,FALSE,FALSE,FALSE,FALSE,FALSE,FALSE,FALSE,FALSE,FALSE 
BE0320,P021118,X021118604,2,0.0000,HSS50.8X50.8X3.2,FALSE,FALSE,FALSE,FALSE,FALSE,FALSE,FALSE,FALSE,FALSE,FALSE,FALSE,FALSE,FALSE 
BR0243,P021219,X021118604,3,0.0000,HSS50.8X50.8X3.2,FALSE,FALSE,FALSE,FALSE,FALSE,FALSE,FALSE,FALSE,FALSE,FALSE,FALSE,FALSE,FALSE 
CO0044,P021119,P031119,1,93.0000,HSS50.8X50.8X3.2,FALSE,FALSE,FALSE,FALSE,FALSE,FALSE,FALSE,FALSE,FALSE,FALSE,FALSE,FALSE,FALSE 
BE0321,P021119,P021219,2,0.0000,HSS50.8X50.8X3.2,FALSE,FALSE,FALSE,FALSE,FALSE,FALSE,FALSE,FALSE,FALSE,FALSE,FALSE,FALSE,FALSE 
BE0322,P021119,P021120,2,0.0000,HSS50.8X50.8X3.2,FALSE,FALSE,FALSE,FALSE,FALSE,FALSE,FALSE,FALSE,FALSE,FALSE,FALSE,FALSE,FALSE 
BE0323,P021119,X021119609,2,0.0000,HSS50.8X50.8X3.2,FALSE,FALSE,FALSE,FALSE,FALSE,FALSE,FALSE,FALSE,FALSE,FALSE,FALSE,FALSE,FALSE 
BR0244,P031120,X021119609,3,0.0000,HSS50.8X50.8X3.2,FALSE,FALSE,FALSE,FALSE,FALSE,FALSE,FALSE,FALSE,FALSE,FALSE,FALSE,FALSE,FALSE 
BE0324,P021119,X021119611,2,0.0000,HSS50.8X50.8X3.2,FALSE,FALSE,FALSE,FALSE,FALSE,FALSE,FALSE,FALSE,FALSE,FALSE,FALSE,FALSE,FALSE 
BR0245,P021220,X021119611,3,0.0000,HSS50.8X50.8X3.2,FALSE,FALSE,FALSE,FALSE,FALSE,FALSE,FALSE,FALSE,FALSE,FALSE,FALSE,FALSE,FALSE 
BE0325,P021119,X021119613,2,0.0000,HSS50.8X50.8X3.2,FALSE,FALSE,FALSE,FALSE,FALSE,FALSE,FALSE,FALSE,FALSE,FALSE,FALSE,FALSE,FALSE 
BR0246,P021218,X021119613,3,0.0000,HSS50.8X50.8X3.2,FALSE,FALSE,FALSE,FALSE,FALSE,FALSE,FALSE,FALSE,FALSE,FALSE,FALSE,FALSE,FALSE 
CO0045,P021120,P031120,1,93.0000,HSS50.8X50.8X3.2,FALSE,FALSE,FALSE,FALSE,FALSE,FALSE,FALSE,FALSE,FALSE,FALSE,FALSE,FALSE,FALSE 
BE0326,P021120,P021220,2,0.0000,HSS50.8X50.8X3.2,FALSE,FALSE,FALSE,FALSE,FALSE,FALSE,FALSE,FALSE,FALSE,FALSE,FALSE,FALSE,FALSE 
BE0327,P021120,P021121,2,0.0000,HSS50.8X50.8X3.2,FALSE,FALSE,FALSE,FALSE,FALSE,FALSE,FALSE,FALSE,FALSE,FALSE,FALSE,FALSE,FALSE 
BE0328,P021120,X021120618,2,0.0000,HSS50.8X50.8X3.2,FALSE,FALSE,FALSE,FALSE,FALSE,FALSE,FALSE,FALSE,FALSE,FALSE,FALSE,FALSE,FALSE 
BR0247,P031121,X021120618,3,0.0000,HSS50.8X50.8X3.2,FALSE,FALSE,FALSE,FALSE,FALSE,FALSE,FALSE,FALSE,FALSE,FALSE,FALSE,FALSE,FALSE 
BE0329,P021120,X021120620,2,0.0000,HSS50.8X50.8X3.2,FALSE,FALSE,FALSE,FALSE,FALSE,FALSE,FALSE,FALSE,FALSE,FALSE,FALSE,FALSE,FALSE 
BR0248,P031119,X021120620,3,0.0000,HSS50.8X50.8X3.2,FALSE,FALSE,FALSE,FALSE,FALSE,FALSE,FALSE,FALSE,FALSE,FALSE,FALSE,FALSE,FALSE 
BE0330,P021120,X021120622,2,0.0000,HSS50.8X50.8X3.2,FALSE,FALSE,FALSE,FALSE,FALSE,FALSE,FALSE,FALSE,FALSE,FALSE,FALSE,FALSE,FALSE 
BR0249,P021221,X021120622,3,0.0000,HSS50.8X50.8X3.2,FALSE,FALSE,FALSE,FALSE,FALSE,FALSE,FALSE,FALSE,FALSE,FALSE,FALSE,FALSE,FALSE 
BE0331,P021120,X021120624,2,0.0000,HSS50.8X50.8X3.2,FALSE,FALSE,FALSE,FALSE,FALSE,FALSE,FALSE,FALSE,FALSE,FALSE,FALSE,FALSE,FALSE 
BR0250,P021219,X021120624,3,0.0000,HSS50.8X50.8X3.2,FALSE,FALSE,FALSE,FALSE,FALSE,FALSE,FALSE,FALSE,FALSE,FALSE,FALSE,FALSE,FALSE 
CO0046,P021121,P031121,1,93.0000,HSS50.8X50.8X3.2,FALSE,FALSE,FALSE,FALSE,FALSE,FALSE,FALSE,FALSE,FALSE,FALSE,FALSE,FALSE,FALSE 
BE0332,P021121,P021221,2,0.0000,HSS50.8X50.8X3.2,FALSE,FALSE,FALSE,FALSE,FALSE,FALSE,FALSE,FALSE,FALSE,FALSE,FALSE,FALSE,FALSE 
BE0333,P021121,P021122,2,0.0000,HSS50.8X50.8X3.2,FALSE,FALSE,FALSE,FALSE,FALSE,FALSE,FALSE,FALSE,FALSE,FALSE,FALSE,FALSE,FALSE 
BE0334,P021121,X021121629,2,0.0000,HSS50.8X50.8X3.2,FALSE,FALSE,FALSE,FALSE,FALSE,FALSE,FALSE,FALSE,FALSE,FALSE,FALSE,FALSE,FALSE 
BR0251,P031120,X021121629,3,0.0000,HSS50.8X50.8X3.2,FALSE,FALSE,FALSE,FALSE,FALSE,FALSE,FALSE,FALSE,FALSE,FALSE,FALSE,FALSE,FALSE 
BE0335,P021121,X021121631,2,0.0000,HSS50.8X50.8X3.2,FALSE,FALSE,FALSE,FALSE,FALSE,FALSE,FALSE,FALSE,FALSE,FALSE,FALSE,FALSE,FALSE 
BR0252,P021222,X021121631,3,0.0000,HSS50.8X50.8X3.2,FALSE,FALSE,FALSE,FALSE,FALSE,FALSE,FALSE,FALSE,FALSE,FALSE,FALSE,FALSE,FALSE 
BE0336,P021121,X021121633,2,0.0000,HSS50.8X50.8X3.2,FALSE,FALSE,FALSE,FALSE,FALSE,FALSE,FALSE,FALSE,FALSE,FALSE,FALSE,FALSE,FALSE 
BR0253,P021220,X021121633,3,0.0000,HSS50.8X50.8X3.2,FALSE,FALSE,FALSE,FALSE,FALSE,FALSE,FALSE,FALSE,FALSE,FALSE,FALSE,FALSE,FALSE 
BE0337,P021122,P021222,2,0.0000,HSS50.8X50.8X3.2,FALSE,FALSE,FALSE,FALSE,FALSE,FALSE,FALSE,FALSE,FALSE,FALSE,FALSE,FALSE,FALSE 
BE0338,P021122,P021123,2,0.0000,HSS50.8X50.8X3.2,FALSE,FALSE,FALSE,FALSE,FALSE,FALSE,FALSE,FALSE,FALSE,FALSE,FALSE,FALSE,FALSE 
BE0339,P021122,X021122637,2,0.0000,HSS50.8X50.8X3.2,FALSE,FALSE,FALSE,FALSE,FALSE,FALSE,FALSE,FALSE,FALSE,FALSE,FALSE,FALSE,FALSE 
BR0254,P031121,X021122637,3,0.0000,HSS50.8X50.8X3.2,FALSE,FALSE,FALSE,FALSE,FALSE,FALSE,FALSE,FALSE,FALSE,FALSE,FALSE,FALSE,FALSE 
BE0340,P021122,X021122639,2,0.0000,HSS50.8X50.8X3.2,FALSE,FALSE,FALSE,FALSE,FALSE,FALSE,FALSE,FALSE,FALSE,FALSE,FALSE,FALSE,FALSE 
BR0255,P021223,X021122639,3,0.0000,HSS50.8X50.8X3.2,FALSE,FALSE,FALSE,FALSE,FALSE,FALSE,FALSE,FALSE,FALSE,FALSE,FALSE,FALSE,FALSE 
BE0341,P021122,X021122641,2,0.0000,HSS50.8X50.8X3.2,FALSE,FALSE,FALSE,FALSE,FALSE,FALSE,FALSE,FALSE,FALSE,FALSE,FALSE,FALSE,FALSE 
BR0256,P021221,X021122641,3,0.0000,HSS50.8X50.8X3.2,FALSE,FALSE,FALSE,FALSE,FALSE,FALSE,FALSE,FALSE,FALSE,FALSE,FALSE,FALSE,FALSE 
BE0342,P021123,P021223,2,0.0000,HSS50.8X50.8X3.2,FALSE,FALSE,FALSE,FALSE,FALSE,FALSE,FALSE,FALSE,FALSE,FALSE,FALSE,FALSE,FALSE 
BE0343,P021123,X021123644,2,0.0000,HSS50.8X50.8X3.2,FALSE,FALSE,FALSE,FALSE,FALSE,FALSE,FALSE,FALSE,FALSE,FALSE,FALSE,FALSE,FALSE 
BR0257,P021222,X021123644,3,0.0000,HSS50.8X50.8X3.2,FALSE,FALSE,FALSE,FALSE,FALSE,FALSE,FALSE,FALSE,FALSE,FALSE,FALSE,FALSE,FALSE 
BE0344,P021218,P021219,2,0.0000,HSS50.8X50.8X3.2,FALSE,FALSE,FALSE,FALSE,FALSE,FALSE,FALSE,FALSE,FALSE,FALSE,FALSE,FALSE,FALSE 
BE0345,P021218,X021218647,2,0.0000,HSS50.8X50.8X3.2,FALSE,FALSE,FALSE,FALSE,FALSE,FALSE,FALSE,FALSE,FALSE,FALSE,FALSE,FALSE,FALSE 
BR0258,P021119,X021218647,3,0.0000,HSS50.8X50.8X3.2,FALSE,FALSE,FALSE,FALSE,FALSE,FALSE,FALSE,FALSE,FALSE,FALSE,FALSE,FALSE,FALSE 
BE0346,P021218,X021218649,2,0.0000,HSS50.8X50.8X3.2,FALSE,FALSE,FALSE,FALSE,FALSE,FALSE,FALSE,FALSE,FALSE,FALSE,FALSE,FALSE,FALSE 
BR0259,P021117,X021218649,3,0.0000,HSS50.8X50.8X3.2,FALSE,FALSE,FALSE,FALSE,FALSE,FALSE,FALSE,FALSE,FALSE,FALSE,FALSE,FALSE,FALSE 
BE0347,P021219,P021220,2,0.0000,HSS50.8X50.8X3.2,FALSE,FALSE,FALSE,FALSE,FALSE,FALSE,FALSE,FALSE,FALSE,FALSE,FALSE,FALSE,FALSE 
BE0348,P021219,X021219652,2,0.0000,HSS50.8X50.8X3.2,FALSE,FALSE,FALSE,FALSE,FALSE,FALSE,FALSE,FALSE,FALSE,FALSE,FALSE,FALSE,FALSE 
BR0260,P031119,X021219652,3,0.0000,HSS50.8X50.8X3.2,FALSE,FALSE,FALSE,FALSE,FALSE,FALSE,FALSE,FALSE,FALSE,FALSE,FALSE,FALSE,FALSE 
BE0349,P021219,X021219654,2,0.0000,HSS50.8X50.8X3.2,FALSE,FALSE,FALSE,FALSE,FALSE,FALSE,FALSE,FALSE,FALSE,FALSE,FALSE,FALSE,FALSE 
BR0261,P021120,X021219654,3,0.0000,HSS50.8X50.8X3.2,FALSE,FALSE,FALSE,FALSE,FALSE,FALSE,FALSE,FALSE,FALSE,FALSE,FALSE,FALSE,FALSE 
BE0350,P021219,X021219656,2,0.0000,HSS50.8X50.8X3.2,FALSE,FALSE,FALSE,FALSE,FALSE,FALSE,FALSE,FALSE,FALSE,FALSE,FALSE,FALSE,FALSE 
BR0262,P021118,X021219656,3,0.0000,HSS50.8X50.8X3.2,FALSE,FALSE,FALSE,FALSE,FALSE,FALSE,FALSE,FALSE,FALSE,FALSE,FALSE,FALSE,FALSE 
BE0351,P021220,P021221,2,0.0000,HSS50.8X50.8X3.2,FALSE,FALSE,FALSE,FALSE,FALSE,FALSE,FALSE,FALSE,FALSE,FALSE,FALSE,FALSE,FALSE 
BE0352,P021220,X021220659,2,0.0000,HSS50.8X50.8X3.2,FALSE,FALSE,FALSE,FALSE,FALSE,FALSE,FALSE,FALSE,FALSE,FALSE,FALSE,FALSE,FALSE 
BR0263,P031120,X021220659,3,0.0000,HSS50.8X50.8X3.2,FALSE,FALSE,FALSE,FALSE,FALSE,FALSE,FALSE,FALSE,FALSE,FALSE,FALSE,FALSE,FALSE 
BE0353,P021220,X021220661,2,0.0000,HSS50.8X50.8X3.2,FALSE,FALSE,FALSE,FALSE,FALSE,FALSE,FALSE,FALSE,FALSE,FALSE,FALSE,FALSE,FALSE 
BR0264,P021321,X021220661,3,0.0000,HSS50.8X50.8X3.2,FALSE,FALSE,FALSE,FALSE,FALSE,FALSE,FALSE,FALSE,FALSE,FALSE,FALSE,FALSE,FALSE 
BE0354,P021220,X021220663,2,0.0000,HSS50.8X50.8X3.2,FALSE,FALSE,FALSE,FALSE,FALSE,FALSE,FALSE,FALSE,FALSE,FALSE,FALSE,FALSE,FALSE 
BR0265,P021121,X021220663,3,0.0000,HSS50.8X50.8X3.2,FALSE,FALSE,FALSE,FALSE,FALSE,FALSE,FALSE,FALSE,FALSE,FALSE,FALSE,FALSE,FALSE 
BE0355,P021220,X021220665,2,0.0000,HSS50.8X50.8X3.2,FALSE,FALSE,FALSE,FALSE,FALSE,FALSE,FALSE,FALSE,FALSE,FALSE,FALSE,FALSE,FALSE 
BR0266,P021119,X021220665,3,0.0000,HSS50.8X50.8X3.2,FALSE,FALSE,FALSE,FALSE,FALSE,FALSE,FALSE,FALSE,FALSE,FALSE,FALSE,FALSE,FALSE 
BE0356,P021221,P021321,2,0.0000,HSS50.8X50.8X3.2,FALSE,FALSE,FALSE,FALSE,FALSE,FALSE,FALSE,FALSE,FALSE,FALSE,FALSE,FALSE,FALSE 
BE0357,P021221,P021222,2,0.0000,HSS50.8X50.8X3.2,FALSE,FALSE,FALSE,FALSE,FALSE,FALSE,FALSE,FALSE,FALSE,FALSE,FALSE,FALSE,FALSE 
BE0358,P021221,X021221669,2,0.0000,HSS50.8X50.8X3.2,FALSE,FALSE,FALSE,FALSE,FALSE,FALSE,FALSE,FALSE,FALSE,FALSE,FALSE,FALSE,FALSE 
BR0267,P031121,X021221669,3,0.0000,HSS50.8X50.8X3.2,FALSE,FALSE,FALSE,FALSE,FALSE,FALSE,FALSE,FALSE,FALSE,FALSE,FALSE,FALSE,FALSE 
BE0359,P021221,X021221671,2,0.0000,HSS50.8X50.8X3.2,FALSE,FALSE,FALSE,FALSE,FALSE,FALSE,FALSE,FALSE,FALSE,FALSE,FALSE,FALSE,FALSE 
BR0268,P021322,X021221671,3,0.0000,HSS50.8X50.8X3.2,FALSE,FALSE,FALSE,FALSE,FALSE,FALSE,FALSE,FALSE,FALSE,FALSE,FALSE,FALSE,FALSE 
BE0360,P021221,X021221673,2,0.0000,HSS50.8X50.8X3.2,FALSE,FALSE,FALSE,FALSE,FALSE,FALSE,FALSE,FALSE,FALSE,FALSE,FALSE,FALSE,FALSE 
BR0269,P021122,X021221673,3,0.0000,HSS50.8X50.8X3.2,FALSE,FALSE,FALSE,FALSE,FALSE,FALSE,FALSE,FALSE,FALSE,FALSE,FALSE,FALSE,FALSE 
BE0361,P021221,X021221675,2,0.0000,HSS50.8X50.8X3.2,FALSE,FALSE,FALSE,FALSE,FALSE,FALSE,FALSE,FALSE,FALSE,FALSE,FALSE,FALSE,FALSE 
BR0270,P021120,X021221675,3,0.0000,HSS50.8X50.8X3.2,FALSE,FALSE,FALSE,FALSE,FALSE,FALSE,FALSE,FALSE,FALSE,FALSE,FALSE,FALSE,FALSE 
BE0362,P021222,P021322,2,0.0000,HSS50.8X50.8X3.2,FALSE,FALSE,FALSE,FALSE,FALSE,FALSE,FALSE,FALSE,FALSE,FALSE,FALSE,FALSE,FALSE 
BE0363,P021222,P021223,2,0.0000,HSS50.8X50.8X3.2,FALSE,FALSE,FALSE,FALSE,FALSE,FALSE,FALSE,FALSE,FALSE,FALSE,FALSE,FALSE,FALSE 
BE0364,P021222,X021222679,2,0.0000,HSS50.8X50.8X3.2,FALSE,FALSE,FALSE,FALSE,FALSE,FALSE,FALSE,FALSE,FALSE,FALSE,FALSE,FALSE,FALSE 
BR0271,P021323,X021222679,3,0.0000,HSS50.8X50.8X3.2,FALSE,FALSE,FALSE,FALSE,FALSE,FALSE,FALSE,FALSE,FALSE,FALSE,FALSE,FALSE,FALSE 
BE0365,P021222,X021222681,2,0.0000,HSS50.8X50.8X3.2,FALSE,FALSE,FALSE,FALSE,FALSE,FALSE,FALSE,FALSE,FALSE,FALSE,FALSE,FALSE,FALSE 
BR0272,P021321,X021222681,3,0.0000,HSS50.8X50.8X3.2,FALSE,FALSE,FALSE,FALSE,FALSE,FALSE,FALSE,FALSE,FALSE,FALSE,FALSE,FALSE,FALSE 
BE0366,P021222,X021222683,2,0.0000,HSS50.8X50.8X3.2,FALSE,FALSE,FALSE,FALSE,FALSE,FALSE,FALSE,FALSE,FALSE,FALSE,FALSE,FALSE,FALSE 
BR0273,P021123,X021222683,3,0.0000,HSS50.8X50.8X3.2,FALSE,FALSE,FALSE,FALSE,FALSE,FALSE,FALSE,FALSE,FALSE,FALSE,FALSE,FALSE,FALSE 
BE0367,P021222,X021222685,2,0.0000,HSS50.8X50.8X3.2,FALSE,FALSE,FALSE,FALSE,FALSE,FALSE,FALSE,FALSE,FALSE,FALSE,FALSE,FALSE,FALSE 
BR0274,P021121,X021222685,3,0.0000,HSS50.8X50.8X3.2,FALSE,FALSE,FALSE,FALSE,FALSE,FALSE,FALSE,FALSE,FALSE,FALSE,FALSE,FALSE,FALSE 
BE0368,P021223,P021323,2,0.0000,HSS50.8X50.8X3.2,FALSE,FALSE,FALSE,FALSE,FALSE,FALSE,FALSE,FALSE,FALSE,FALSE,FALSE,FALSE,FALSE 
BE0369,P021223,X021223688,2,0.0000,HSS50.8X50.8X3.2,FALSE,FALSE,FALSE,FALSE,FALSE,FALSE,FALSE,FALSE,FALSE,FALSE,FALSE,FALSE,FALSE 
BR0275,P021322,X021223688,3,0.0000,HSS50.8X50.8X3.2,FALSE,FALSE,FALSE,FALSE,FALSE,FALSE,FALSE,FALSE,FALSE,FALSE,FALSE,FALSE,FALSE 
BE0370,P021223,X021223690,2,0.0000,HSS50.8X50.8X3.2,FALSE,FALSE,FALSE,FALSE,FALSE,FALSE,FALSE,FALSE,FALSE,FALSE,FALSE,FALSE,FALSE 
BR0276,P021122,X021223690,3,0.0000,HSS50.8X50.8X3.2,FALSE,FALSE,FALSE,FALSE,FALSE,FALSE,FALSE,FALSE,FALSE,FALSE,FALSE,FALSE,FALSE 
BE0371,P021321,P021322,2,0.0000,HSS50.8X50.8X3.2,FALSE,FALSE,FALSE,FALSE,FALSE,FALSE,FALSE,FALSE,FALSE,FALSE,FALSE,FALSE,FALSE 
BE0372,P021321,X021321693,2,0.0000,HSS50.8X50.8X3.2,FALSE,FALSE,FALSE,FALSE,FALSE,FALSE,FALSE,FALSE,FALSE,FALSE,FALSE,FALSE,FALSE 
BR0277,P021222,X021321693,3,0.0000,HSS50.8X50.8X3.2,FALSE,FALSE,FALSE,FALSE,FALSE,FALSE,FALSE,FALSE,FALSE,FALSE,FALSE,FALSE,FALSE 
BE0373,P021321,X021321695,2,0.0000,HSS50.8X50.8X3.2,FALSE,FALSE,FALSE,FALSE,FALSE,FALSE,FALSE,FALSE,FALSE,FALSE,FALSE,FALSE,FALSE 
BR0278,P021220,X021321695,3,0.0000,HSS50.8X50.8X3.2,FALSE,FALSE,FALSE,FALSE,FALSE,FALSE,FALSE,FALSE,FALSE,FALSE,FALSE,FALSE,FALSE 
BE0374,P021322,P021323,2,0.0000,HSS50.8X50.8X3.2,FALSE,FALSE,FALSE,FALSE,FALSE,FALSE,FALSE,FALSE,FALSE,FALSE,FALSE,FALSE,FALSE 
BE0375,P021322,X021322698,2,0.0000,HSS50.8X50.8X3.2,FALSE,FALSE,FALSE,FALSE,FALSE,FALSE,FALSE,FALSE,FALSE,FALSE,FALSE,FALSE,FALSE 
BR0279,P021223,X021322698,3,0.0000,HSS50.8X50.8X3.2,FALSE,FALSE,FALSE,FALSE,FALSE,FALSE,FALSE,FALSE,FALSE,FALSE,FALSE,FALSE,FALSE 
BE0376,P021322,X021322700,2,0.0000,HSS50.8X50.8X3.2,FALSE,FALSE,FALSE,FALSE,FALSE,FALSE,FALSE,FALSE,FALSE,FALSE,FALSE,FALSE,FALSE 
BR0280,P021221,X021322700,3,0.0000,HSS50.8X50.8X3.2,FALSE,FALSE,FALSE,FALSE,FALSE,FALSE,FALSE,FALSE,FALSE,FALSE,FALSE,FALSE,FALSE 
BE0377,P021323,X021323702,2,0.0000,HSS50.8X50.8X3.2,FALSE,FALSE,FALSE,FALSE,FALSE,FALSE,FALSE,FALSE,FALSE,FALSE,FALSE,FALSE,FALSE 
BR0281,P021222,X021323702,3,0.0000,HSS50.8X50.8X3.2,FALSE,FALSE,FALSE,FALSE,FALSE,FALSE,FALSE,FALSE,FALSE,FALSE,FALSE,FALSE,FALSE 
BE0378,P031119,P031120,2,0.0000,HSS50.8X50.8X3.2,FALSE,FALSE,FALSE,FALSE,FALSE,FALSE,FALSE,FALSE,FALSE,FALSE,FALSE,FALSE,FALSE 
BE0379,P031120,P031121,2,0.0000,HSS50.8X50.8X3.2,FALSE,FALSE,FALSE,FALSE,FALSE,FALSE,FALSE,FALSE,FALSE,FALSE,FALSE,FALSE,FALSE 
